id,nombre,domicilio,telefono,email,web,tipo,calle,altura,direccion,long,lat,latitud,longitud,estado_geocodificacion
7,De La Rue,Freire 1765,(54 11) 4551-4884 / 4552-4048,info@hoteldelarue.com.ar,,,Freire,1765.0,Freire 1765,,,-34.569751,-58.461531,ok
8,Del Congreso,"Yrigoyen, Hipolito 2064",(54 11) 4952 7728 / 4952 0385,,,,"Yrigoyen, Hipolito",2064.0,"Yrigoyen, Hipolito 2064",,,-34.6092282,-58.3750538,ok
10,El Cabildo,Lavalle 748,(54 11) 4322-6695 / 6745,reservas@hotelelcabildo.com,,,Lavalle,748.0,Lavalle 748,,,-34.6023934,-58.3774146,ok
11,Fiorentino Hotel,Urquiza 187,(54 11) 4932-9641 / 4931-1368,mariasambade@hotmail.com.ar,,,Urquiza,187.0,Urquiza 187,,,-34.612507,-58.4101761,ok
14,Hispano Argentino,Catamarca 167,(54 11) 4931-5543 / 4932-3980,contacto@hhispanoargentino.com.ar,,,Catamarca,167.0,Catamarca 167,,,-34.6121107,-58.4071883,ok
15,Hotel Manzanares Plaza,Manzanares 2339,(54 11) 4702-6839,info.manzanares@gmail.com,,,Manzanares,2339.0,Manzanares 2339,,,-34.5469736,-58.4687123,ok
16,Hotel Quito,Alsina 2737,(54 11) 4957-5056,info@hotelquito.com.ar,http://hotelquito.com.ar/,,Alsina,2737.0,Alsina 2737,,,-34.6123058,-58.4048098,ok
18,Key's Hotel,Zapata 315,(54 11) 4778-3233 / 4772 8371,reservas@hotelkeys.com.ar,,,Zapata,315.0,Zapata 315,,,-34.5735315,-58.4408597,ok
19,La Fresque,De Mayo Av. 984,(54 11) 4331-3615,info@lafresquehotel.com,,,De Mayo Av.,984.0,De Mayo Av. 984,,,-34.608798,-58.3711432,ok
20,Llano,"Yrigoyen, Hipolito 3023",(54 11) 4861-1672,,,,"Yrigoyen, Hipolito",3023.0,"Yrigoyen, Hipolito 3023",,,-34.6149472,-58.4277257,ok
21,Milan,Montevideo 337,(54 11) 4373-0759 / 4374-1906,info@milanhotel.com.ar,www.milanhotel.com.ar,,Montevideo,337.0,Montevideo 337,,,-34.6052361,-58.3892173,ok
22,Omega,Paraguay 2991,(54 11) 4962-5431,reservashotelomega@gmail.com,,,Paraguay,2991.0,Paraguay 2991,,,-34.5956882,-58.409386,ok
23,Rio de la Plata,"Garay, Juan De Av. 1271",(54 11) 4305-3191 / 4306-8689,,,,"Garay, Juan De Av.",1271.0,"Garay, Juan De Av. 1271",,,-34.6312942,-58.4163481,ok
24,Turista Hotel,De Mayo Av. 686,(54 11) 4331-2281 / 2485,turistahotel@yahoo.com.ar,,,De Mayo Av.,686.0,De Mayo Av. 686,,,-34.6093033,-58.3879786,ok
25,ADM Ayamitre Hotel,Ayacucho 106,(54 11) 2053-3350,reservas@hotelayamitre.com.ar,,,Ayacucho,106.0,Ayacucho 106,,,-34.6080467,-58.3950381,ok
26,Aires Express,"Mitre, Bartolome 3410",(54 11) 4867-1265 / 4860-0204,hotelairesexpres@gmail.com,,,"Mitre, Bartolome",3410.0,"Mitre, Bartolome 3410",,,-34.6070009,-58.3766938,ok
27,Americano Hotel,Rodriguez Peña 265,(54 11) 4382-4223,,,,Rodriguez Peña,265.0,Rodriguez Peña 265,,,-34.6059863,-58.3906744,ok
29,Ayacucho Palace Hotel,Ayacucho 1048,(54 11) 4806-1815,reservas@ayacuchohotel.com.ar,,,Ayacucho,1048.0,Ayacucho 1048,,,-34.6038994,-58.395363,ok
30,Be Hollywood,Humboldt 1716,(54 11) 5555-8100,reservas@behollywood.com,,,Humboldt,1716.0,Humboldt 1716,,,-34.5846121,-58.4352524,ok
31,Blanro,Junín 759,(54 11) 4374-2000,reservas@hotelblanro.com.ar,,,Junín,759.0,Junín 759,,,-34.6003167,-58.3970614,ok
32,Camaro Palace Hotel,Sarmiento 4239,(54 11) 4867-4798 / 0195,camaroph@hotmail.com,,,Sarmiento,4239.0,Sarmiento 4239,,,-34.6043688,-58.4249452,ok
33,Central Córdoba,San Martín 1021,(54 11) 4311-1175 / 4312-8524,reservas@hotelcentralcordoba.com.ar,,,San Martín,1021.0,San Martín 1021,,,-34.5947608,-58.3744403,ok
34,Crisol Mundial Hotel,De Mayo Av. 1298,(54 11) 4383-0011,reservas@mundialhotel.com.ar,,,De Mayo Av.,1298.0,De Mayo Av. 1298,,,-34.6088452,-58.3785356,ok
35,Diplomat,San Martín 918,(54 11) 4311-9370 / 4312-6124,,,,San Martín,918.0,San Martín 918,,,-34.5972653,-58.3743773,ok
36,Esperia,Urquiza 222,(54 11) 4957-3937,consultas@hotelesperia.com.ar,,,Urquiza,222.0,Urquiza 222,,,-34.6129987,-58.4099523,ok
37,Estilo MB,Callao Av. 164,(54 11) 4374-9112,buenosaires@hotelesestilomb.com.ar,,,Callao Av.,164.0,Callao Av. 164,,,-34.6072882,-58.3922351,ok
38,Gran Hotel Atlantic,Castelli 45,(54 11) 4951-0081,info@hotelatlantic.com.ar,,,Castelli,45.0,Castelli 45,,,-34.6094049,-58.4045599,ok
39,Gran Hotel Libertad,Libertad 249,(54 11) 4381-2631/4382-7789,info@granhotellibertad.com.ar,,,Libertad,249.0,Libertad 249,,,-34.6056621,-58.3835578,ok
40,Gran Vedra,De Mayo Av. 1350,(54 11) 4383-0584,info@hotelvedra.com.ar,,,De Mayo Av.,1350.0,De Mayo Av. 1350,,,-34.6088452,-58.3785356,ok
41,Guido Palace Hotel,Guido 1780,(54 11) 4812-0674 / 0841,hotelguidopalace@hotmail.com.ar,,,Guido,1780.0,Guido 1780,,,-34.5902924,-58.3897174,ok
42,Hotel A&B,Montevideo 248,(54 11) 4325-8960/4382-4118,recepcion@hotelayb.com,,,Montevideo,248.0,Montevideo 248,,,-34.606121,-58.389426,ok
44,Hotel Central,Solis 192,(54 11) 4373-8785,,,,Solis,192.0,Solis 192,,,-34.611238,-58.3902678,ok
45,Internacional,"Irigoyen, Bernardo De 552",(54 11) 4334-4949,info@hotel-internacional.com.ar,,,"Irigoyen, Bernardo De",552.0,"Irigoyen, Bernardo De 552",,,-34.6282587,-58.378062,ok
46,King's Hotel,Corrientes Av. 623,(54 11) 4322-8461 / 8161,reservas@kingshotel.com.ar,,,Corrientes Av.,623.0,Corrientes Av. 623,,,-34.6032129,-58.3755579,ok
47,Lisboa,"Mitre, Bartolome 1282",(54 11) 4381-2152,"info@hotel-lisboa.com.ar,lisboahotelbaires@outlook.com",,,"Mitre, Bartolome",1282.0,"Mitre, Bartolome 1282",,,-34.6080509,-58.3925892,ok
48,Los Tres Reyes,Brasil 423,(54 11) 4300-9456,hotel_tresreyes@yahoo.com,,,Brasil,423.0,Brasil 423,,,-34.6253056,-58.3717822,ok
49,Marbella Hotel,De Mayo Av. 1261,(54 11) 4383-8566/3573,info@hotelmarbella.com.ar,,,De Mayo Av.,1261.0,De Mayo Av. 1261,,,-34.6095608,-58.3867309,ok
50,Mine Hotel Boutique,Gorriti 4770,(54 11) 4832-1100,info@minehotel.com,,,Gorriti,4770.0,Gorriti 4770,,,-34.5910254,-58.4288576,ok
52,Palermo Hotel,Godoy Cruz 2725,(54 11) 4774-7342,reservas@consultoralibertadores.com,,,Godoy Cruz,2725.0,Godoy Cruz 2725,,,-34.5784727,-58.4249536,ok
53,Paname,Godoy Cruz 2774,(54 11) 4771-4041,reservas@panamehotel.com.ar,,,Godoy Cruz,2774.0,Godoy Cruz 2774,,,-34.577794,-58.4247563,ok
54,Plaza Roma,Lavalle 110,(54 11) 4311-1679,"info@hotelplazaroma.com.ar,reservas@hotelplazaroma.com.ar",https://hotelplazaromabuenosaires.com,,Lavalle,110.0,Lavalle 110,,,-34.6019044,-58.3693355,ok
55,Principe Hotel,Laprida 1454,(54 11) 4821-9818,principe@hotel-principe.com.ar,,,Laprida,1454.0,Laprida 1454,,,-34.5921029,-58.4056227,ok
57,Rio Hotel,Salguero 218,(54 11) 4983-8837,info@hotelrio.com.ar,,,Salguero,218.0,Salguero 218,,,-34.6082524,-58.4201397,ok
58,Tres Sargentos Hotel,Tres Sargentos 345,(54 11) 4312-6082,tresargentos@hotmail.com,www.hoteltressargentos.com.ar,,Tres Sargentos,345.0,Tres Sargentos 345,,,-34.5977182,-58.3723549,ok
59,Tucuman Palace Hotel,Tucuman 384,(54 11) 4311-3555,reservas@Tucumanpalacehotel.com.ar,,,Tucuman,384.0,Tucuman 384,,,-34.6008684,-58.3722975,ok
63,Constitucion Palace Hotel,Lima 1697,(54 11) 4305-9010 al 20,info@cphotel.com.ar,www.cphotel.com.ar,,Lima,1697.0,Lima 1697,,,-34.6307996,-58.3813386,ok
71,Gran Hotel Argentino,"Pellegrini, Carlos 37",(54 11) 4334-4001 / 02,info@hotel-argentino.com.ar,https://www.hotel-argentino.com.ar/,,"Pellegrini, Carlos",37.0,"Pellegrini, Carlos 37",,,-34.5899971,-58.3812423,ok
76,Hotel UTHGRA de las Luces,Alsina 525,(54 11) 4343-6776,reservas@uthgradelasluces.com.ar,http://www.uthgradelasluces.com.ar/,,Alsina,525.0,Alsina 525,,,-34.6102253,-58.3738405,ok
78,IBIS Congreso,"Yrigoyen, Hipolito 1592",(54 11) 5300-5555,h3251@accor.com,,,"Yrigoyen, Hipolito",1592.0,"Yrigoyen, Hipolito 1592",,,-34.6092282,-58.3750538,ok
81,La Perla Hotel,Jujuy Av. 36,(54 11) 5218-7737 al 40,info@hotellaperla.com.ar,www.hotellaperla.com.ar,,Jujuy Av.,36.0,Jujuy Av. 36,,,-34.6105894,-58.4057965,ok
82,Luey,Rivadavia Av. 2902,(54 11) 4862-3873 /4861-0403 /4866-4427,recepción@luey.com.ar,www.luey.com.ar,,Rivadavia Av.,2902.0,Rivadavia Av. 2902,,,-34.6103683,-58.4077467,ok
83,Lyon Hotel by MH,Riobamba 251,(54 11) 2832 1176,,,,Riobamba,251.0,Riobamba 251,,,-34.6063257,-58.3935676,ok
84,Napoleon Hotel,Rivadavia Av. 1364,(54 11) 5353-2031/37,info@hotel-napoleon.com.ar,,,Rivadavia Av.,1364.0,Rivadavia Av. 1364,,,-34.608945,-58.385736,ok
85,Normandie Hotel,Rodriguez Peña 320,(54 11) 4371-7001 al 06,normandie@hotelnormandie.com.ar,,,Rodriguez Peña,320.0,Rodriguez Peña 320,,,-34.605309,-58.3908857,ok
86,O2 Hotel Buenos Aires,Junín 357,(54 11) 4953-4455 / 4071,reservas@grupodotia.com,www.hoteleso2.com,,Junín,357.0,Junín 357,,,-34.6051703,-58.3966383,ok
87,Parlamento Hotel,Rodriguez Peña 61,(54 11) 4371-3789 / 4374-1410/1709,info@hotelparlamento.com.ar,www.hotelparlamento.com.ar,,Rodriguez Peña,61.0,Rodriguez Peña 61,,,-34.6083834,-58.3905745,ok
88,Regis Hotel,Lavalle 813,0810 222 6746 / (5411) 4327 2605,regisventa@hotelregis.com.ar,www.hotelregis.com.ar,,Lavalle,813.0,Lavalle 813,,,-34.6023464,-58.378385,ok
89,Rochester Concept,Maipu 572,(54 11) 4328-3930,info@rochester-hotel.com.ar,http://www.rochester-hotel.com.ar/concept/,,Maipu,572.0,Maipu 572,,,-34.6013941,-58.3769099,ok
90,Sarmiento Palace Hotel,Sarmiento 1953,(54 11) 4953-3420 / 3404 / 5014,info@hotelsarmiento.com.ar,,,Sarmiento,1953.0,Sarmiento 1953,,,-34.605724,-58.39445,ok
91,Sarum Hotel Design,Quesada 2370,(54 11) 4704-0039/0040,info@hotelsarum.com.ar,https://www.hotelsarum.com.ar/,,Quesada,2370.0,Quesada 2370,,,-34.5541815,-58.4627929,ok
92,Serena Hotel Buenos Aires,Libertad 1617,(54 11) 4813-3226,reservas@serenahoteles.com,,,Libertad,1617.0,Libertad 1617,,,-34.5894185,-58.3832556,ok
93,Splendid Hotel,Rivadavia Av. 950,(54 11) 4345-2800,ventas@hotel-splendid.com.ar,,,Rivadavia Av.,950.0,Rivadavia Av. 950,,,-34.6083702,-58.3798809,ok
94,Torre Hotel,Olleros 4186,(54 11) 4552-6034/6126,info@torre-hotel.com.ar,,,Olleros,4186.0,Olleros 4186,,,-34.574663,-58.4463963,ok
95,Viasui Hotel,Viamonte 960,(54 11) 5252- 3070 al 73,reservas@viasuihotel.com.ar,http://www.viasuihotel.com.ar/,,Viamonte,960.0,Viamonte 960,,,-34.6002204,-58.3804981,ok
96,Waldorf,Paraguay 450,(54 11) 4312-2071/9,"info@waldorf-hotel.com.ar,reservas@waldorf-hotel.com.ar",https://www.waldorf-hotel.com.ar/,,Paraguay,450.0,Paraguay 450,,,-34.5974219,-58.3735942,ok
97,562 Nogaro,Av. Julio A. Roca 562,(54 11) 4331-0091,reservas@562nogarohotel.com,,,Av. Julio A. Roca,562.0,Av. Julio A. Roca 562,,,-34.6100172,-58.3741936,ok
104,Carsson,Viamonte 650,(54 11) 4131-3800,info@hotelcarsson.com.ar,,,Viamonte,650.0,Viamonte 650,,,-34.5999568,-58.3760705,ok
112,Duomi Plaza Hotel,"Mitre, Bartolome 1480",(54 11) 6091-3888/3866,reservas@duomi.com.ar,,,"Mitre, Bartolome",1480.0,"Mitre, Bartolome 1480",,,-34.6070009,-58.3766938,ok
116,Exe Hotel Colon,"Pellegrini, Carlos 507",(54 11) 4320-3500,reservas@execolon.com.ar,,,"Pellegrini, Carlos",507.0,"Pellegrini, Carlos 507",,,-34.5899971,-58.3812423,ok
121,Hotel Globales Republica Wellness & Spa,Cerrito 370,(54 11) 4382-5050,res.republica@hotelesglobales.com,,,Cerrito,370.0,Cerrito 370,,,-34.6042755,-58.3823612,ok
123,Hotel Sheltown,"Alvear, Marcelo T. De 742",(54 11) 5254-6835,reservas@525hotel.com,www.525hotel.com,,"Alvear, Marcelo T. De",742.0,"Alvear, Marcelo T. De 742",,,-34.5973606,-58.3950462,ok
124,Howard Johnson Plaza Florida Street,Florida 944,(54 11) 4891-9200,reservas@hjFlorida.com.ar,,,Florida,944.0,Florida 944,,,-34.5971344,-58.3755105,ok
126,Intersur Recoleta,Callao Av. 1764,(54 11) 5533-4000,reservas@intersurrecoleta.com.ar,www.intersurrecoleta.com.ar,,Callao Av.,1764.0,Callao Av. 1764,,,-34.5894281,-58.389508,ok
127,Ker Recoleta,"Alvear, Marcelo T. De 1368",(54 11) 5277-4600,reservasrecoleta@kerhoteles.com.ar,,,"Alvear, Marcelo T. De",1368.0,"Alvear, Marcelo T. De 1368",,,-34.5973606,-58.3950462,ok
128,Lafayette,Reconquista 546,(54 11) 4393-9081,info@lafayettehotel.com.ar,,,Reconquista,546.0,Reconquista 546,,,-34.6015272,-58.3726236,ok
129,Lennox,Talcahuano 52,(54 11) 5272-1070,reservas@lennoxhotels.com,www.lennoxhotels.com,,Talcahuano,52.0,Talcahuano 52,,,-34.6081191,-58.3849697,ok
130,Melia Recoleta Plaza,Posadas 1557,(54 11) 5353-4000,reservas@meliarecoletaplaza.com.ar,,,Posadas,1557.0,Posadas 1557,,,-34.5869334,-58.3875214,ok
131,NH 9 De Julio,Cerrito 156,(54 11) 5776-6464 / 4124-7400,nh9dejulio@nh-hotels.com,www.nh-hotels.com,,Cerrito,156.0,Cerrito 156,,,-34.6067107,-58.3821908,ok
132,NH Collection Buenos Aires Crillón,"Santa Fe, Av. 796",(54 11) 5776-6464 / 4310-2000,nhcrillon@nh-hotels.com,www.nh-hotels.com,,"Santa Fe, Av.",796.0,"Santa Fe, Av. 796",,,-34.5950281,-58.3738663,ok
133,NH Collection Lancaster,Cordoba Av. 405,(54 11) 4131-6464,nhcollectionlancaster@nh-hotels.com,www.nh-hotels.com,,Cordoba Av.,405.0,Cordoba Av. 405,,,-34.5984052,-58.3729706,ok
134,NH Florida,San Martín 839,(54 11) 5776-6464 / 4321-9850,nhFlorida@nh-hotels.com,www.nh-hotels.com,,San Martín,839.0,San Martín 839,,,-34.5981451,-58.3741431,ok
135,NH Jousten,Corrientes Av. 280,(54 11) 5776-6464 / 4321-6750,nhcollectionjousten@nh-hotels.com,www.nh-hotels.com,,Corrientes Av.,280.0,Corrientes Av. 280,,,-34.6031589,-58.3709041,ok
136,NH Latino,Suipacha 309,(54 11) 5776-6464 / 4321-6700,nhlatino@nh-hotels.com,www.nh-hotels.com,,Suipacha,309.0,Suipacha 309,,,-34.6046594,-58.379356,ok
137,NH Tango,Cerrito 550,(54 11) 5776-6464 / 5411-4124,nhtango@nh-hotels.com,www.nh-hotels.com,,Cerrito,550.0,Cerrito 550,,,-34.6020443,-58.3824768,ok
138,Novotel,Corrientes Av. 1334,(54 11) 4370-9300 / 9500,h6503-re@accor.com,,,Corrientes Av.,1334.0,Corrientes Av. 1334,,,-34.6041034,-58.3856042,ok
139,Pestana Hotel,"Pellegrini, Carlos 877",(54 11) 5239-1000 / 1100,reservas.buenosaires@pestana.com,http://www.pestana.com/en/pestana-buenos-aires-hotel/pages/home.aspx,,"Pellegrini, Carlos",877.0,"Pellegrini, Carlos 877",,,-34.5899971,-58.3812423,ok
140,Presidente Hotel,Cerrito 850,(54 11) 4816-2222,reservas@hotelpresidente.com.ar,,,Cerrito,850.0,Cerrito 850,,,-34.5984749,-58.3829505,ok
141,Principado Downtown Hotel,Paraguay 481,(54 11) 4313-3022,reservas@principado.com.ar,,,Paraguay,481.0,Paraguay 481,,,-34.5973154,-58.3738136,ok
142,Recoleta Luxury Boutique Hotel,Parera 183,(54 11) 6777-0200,reservas.bsas@hotels-unique.com,,,Parera,183.0,Parera 183,,,-34.5908056,-58.3850889,ok
143,Reconquista Plaza Hotel,Reconquista 602,(54 11) 5263-0277,Reconquistaplaza@latitudhoteles.com,,,Reconquista,602.0,Reconquista 602,,,-34.6007492,-58.3726677,ok
144,Regente Palace Hotel,Suipacha 964,(54 11) 4328-6800,reservas@regente.com,,,Suipacha,964.0,Suipacha 964,,,-34.5969937,-58.3799363,ok
145,Rochester Classic,Esmeralda 542,0800-345-0040 / (54 11) 4326-6076 / 5256-1055,reservas@rochesterclassic.com.ar,,,Esmeralda,542.0,Esmeralda 542,,,-34.6018648,-58.378204,ok
160,Intercontinental Buenos Aires,Moreno 809,(54 11) 4340-7100,"andrea.hernandez@ihg.com,valeria.bulacio@ihg.com",https://www.ihg.com/intercontinental/hotels/us/es/buenos-aires/bueha/hoteldetail,,Moreno,809.0,Moreno 809,,,-34.6114314,-58.3779332,ok
162,Melia Buenos Aires,Reconquista 945,(54 11) 4891-3800,reservas@meliabuenosaires.com.ar,,,Reconquista,945.0,Reconquista 945,,,-34.5968091,-58.372976,ok
163,NH Buenos Aires City,Bolivar 160,(54 11) 4121-6464 / 6400,nhcity@nh-hotels.com,,,Bolivar,160.0,Bolivar 160,,,-34.6097812,-58.3734211,ok
164,Palacio Duhau - Park Hyatt Buenos Aires,Alvear Av. 1661,(54 11) 5171-1234,buenosaires.park@hyatt.com,,,Alvear Av.,1661.0,Alvear Av. 1661,,,-34.5874247,-58.3898172,ok
165,Regal Pacific,25 de mayo 764,(54 11) 4310-7000,reservas@regalpacific.com.ar,,,25 de mayo,764.0,25 de mayo 764,,,-34.598896,-58.3715304,ok
166,Sheraton Buenos Aires Hotel & Convention Center,San Martín 1225,(54 11) 4318-9000,reservations.buenosaires@marriot.com,www.sheratonbuenosaires.com,,San Martín,1225.0,San Martín 1225,,,-34.6062173,-58.3736847,ok
167,Sofitel Buenos Aires Recoleta,Posadas 1232,(54 11) 4819-1100,h8932-re@accor.com,,,Posadas,1232.0,Posadas 1232,,,-34.5903108,-58.3815168,ok
168,Apart Hotel Anchorena,Dr. Tomás Manuel de Anchorena 1121,(54 11) 4961-8548 / 9445/,info@anchorenaappart.com.ar,,,Dr. Tomás Manuel de Anchorena,1121.0,Dr. Tomás Manuel de Anchorena 1121,,,-34.5904484,-58.4016686,ok
169,Broadway Hotel & Suites,Corrientes Av. 1173,(54 11) 4378-9250,ventas@broadway-suites.com.ar,,,Corrientes Av.,1173.0,Corrientes Av. 1173,,,-34.6042369,-58.4119927,ok
170,Loi Suites Esmeralda,"Alvear, Marcelo T. De 842",(54 11) 4131-6800,reservas3@loisuites.com.ar,,,"Alvear, Marcelo T. De",842.0,"Alvear, Marcelo T. De 842",,,-34.5973606,-58.3950462,ok
171,Park Royal Buenos Aires,Suipacha 1092,(54 11) 4320-3600,reservationsbue@park-royalhotels.com,https://www.park-royalhotels.com/es/hoteles/argentina/buenos-aires/park-royal-city-buenos-aires/,,Suipacha,1092.0,Suipacha 1092,,,-34.6077223,-58.3792542,ok
172,Torre Cristoforo Colombo Suites,Fray Justo Santa María de Oro 2747,(54 11) 4778-4945,reservas@hotelcc.com.ar,https://www.hotelcc.com.ar,,Fray Justo Santa María de Oro,2747.0,Fray Justo Santa María de Oro 2747,,,-34.5767259,-58.4218627,ok
173,Trianon Residence Recoleta,Callao Av. 1869,(54 11) 4819-9300,info@trianon.com.ar,https://www.trianonresidence.com/,,Callao Av.,1869.0,Callao Av. 1869,,,-34.5885906,-58.3881644,ok
174,UP Viamonte,Viamonte 1373,(54 11) 4371-9993 / 5254 2210,,,,Viamonte,1373.0,Viamonte 1373,,,-34.6004853,-58.3862853,ok
175,Village Garden Apart Hotel,Suipacha 250,(54 11) 4326-0163 / 7879 / 8737,reservas@hotelvillagegarden.com.ar,,,Suipacha,250.0,Suipacha 250,,,-34.6054782,-58.3794076,ok
176,Argentina Tango Hotel,Suipacha 545,(54 9 11) 56 30 46 77,,http://www.atangohotel.com/#,,Suipacha,545.0,Suipacha 545,,,-34.6018676,-58.3795079,ok
177,Icaro Suites,Montevideo 229,(54 11) 4372-9000,resevas@icarosuites.com,,,Montevideo,229.0,Montevideo 229,,,-34.6062585,-58.3891957,ok
178,Intersur Suites,Corrientes Av. 1984,(54 11) 5246-1500,reservas@intersursuites.com.ar,,,Corrientes Av.,1984.0,Corrientes Av. 1984,,,-34.6046191,-58.3949777,ok
179,Ker House Belgrano,Vuelta de Obligado 2727,(54 11) 5277-4600 / 4789-9383,reservasbelgrano@kerhoteles.com.ar,,,Vuelta de Obligado,2727.0,Vuelta de Obligado 2727,,,-34.555491,-58.460669,ok
180,Ker Urban Urquiza,Dïaz Colodrero 2513,(54 11) 5353-9232 / 9233,reservasurquiza@kerhoteles.com.ar,,,Dïaz Colodrero,2513.0,Dïaz Colodrero 2513,,,-34.5727795,-58.4861833,ok
181,Mayflower Suites,Paraná 720,(54 11) 5238 0050 / 5235 0456,reservas@mayflowersuites.com.ar,,,Paraná,720.0,Paraná 720,,,-34.6003882,-58.3881939,ok
182,Palermo Suites Buenos Aires Apartments,Fray Justo Santa María de Oro 2529,(54 11) 5197-5800,reservas@palermosuites.net,,,Fray Justo Santa María de Oro,2529.0,Fray Justo Santa María de Oro 2529,,,-34.5788889,-58.4239079,ok
183,The Glu Hotel,Godoy Cruz 1733,(54 11) 4831-4646,info@thegluhotel.com,,,Godoy Cruz,1733.0,Godoy Cruz 1733,,,-34.5873154,-58.4334884,ok
184,Ulises Recoleta Suites,Ayacucho 2016,(54 11) 4804-4571 / 4572,info@ulisesrecoleta.com.ar,www.ulisesrecoleta.com.ar,,Ayacucho,2016.0,Ayacucho 2016,,,-34.5874116,-58.3890894,ok
185,UP America Plaza,"Mitre, Bartolome 1744",(54 11) 5031-3388,info@americaplazahotel.com.ar,https://www.upamericaplaza.com/,,"Mitre, Bartolome",1744.0,"Mitre, Bartolome 1744",,,-34.6097655,-58.4201427,ok
186,Urban Suites Recoleta,Junín 1727,(54 11) 4803 2300,ventas@urbanrecoleta.com,www.urbanrecoleta.com,,Junín,1727.0,Junín 1727,,,-34.5890174,-58.3925644,ok
187,Vitrum Hotel,Gorriti 5641,(54 11) 4776-5030,info@vitrumhotel.com,,,Gorriti,5641.0,Gorriti 5641,,,-34.5845449,-58.4375728,ok
188,Desing Ce - Hotel de Diseño,"Alvear, Marcelo T. De 1695",(54 11) 5237-3100,info@designce.com,http://www.designce.com/home/,,"Alvear, Marcelo T. De",1695.0,"Alvear, Marcelo T. De 1695",,,-34.5973606,-58.3950462,ok
189,Hotel Pampa Plaza,La Pampa 777,(54 11) 4789-9561 / 4788-3984/3084,info@hotelpampaplaza.com.ar,,,La Pampa,777.0,La Pampa 777,,,-34.5545481,-58.4371123,ok
190,ABC,Santiago Del Estero 1640,(54 11) 4304-2706,bettyyvos@gmail.com,,,Santiago Del Estero,1640.0,Santiago Del Estero 1640,,,-34.6274072,-58.3842697,ok
191,Alba,"Garay, Juan De Av. 1381",(54 11) 4304-2935 / 4306-4304,"albahoteleria@yahoo.com.ar,gaetos@hotmail.com",,,"Garay, Juan De Av.",1381.0,"Garay, Juan De Av. 1381",,,-34.6322782,-58.423002,ok
192,Aldeano I,La Rioja 277,(54 11) 4931-2980,aldeano1@hotelaldeano.com.ar,,,La Rioja,277.0,La Rioja 277,,,-34.6136306,-58.4086874,ok
193,Alsina,24 de noviembre 190,(54 11) 4931-9393,,,,24 de noviembre,190.0,24 de noviembre 190,,,-34.6128229,-58.4114228,ok
194,Aries,Gascón 1147,(54 11) 4883-1232/1164585589/44323702,info@arieshotel.com.ar,,,Gascón,1147.0,Gascón 1147,,,-34.5971583,-58.4231243,ok
195,Astor,Av. Caseros 896,(54 11) 4307-7117,info@astorhoteles.com.ar,,,Av. Caseros,896.0,Av. Caseros 896,,,-34.6278756,-58.3763895,ok
196,Autopista,Salta 1446,(54 11) 4305-1634,,,,Salta,1446.0,Salta 1446,,,-34.6253323,-58.3828085,ok
197,Bahia,"Yrigoyen, Hipolito 3062",(54 11) 4931-7198,info@elhotelbahia.com.ar,,,"Yrigoyen, Hipolito",3062.0,"Yrigoyen, Hipolito 3062",,,-34.6149472,-58.4277257,ok
198,Capri,Constitución 1881,(54 11) 4304-0305,,,,Constitución,1881.0,Constitución 1881,,,-34.6251429,-58.3922247,ok
199,Carlos I,"Calvo, Carlos 1463",(54 11) 4305-3700,cristianlanni@hotmail.com,,,"Calvo, Carlos",1463.0,"Calvo, Carlos 1463",,,-34.6193913,-58.3673519,ok
200,Casablanca,Santiago del Estero 1685,(54 11) 4305-4048,"cristinanovas@ciudad.com.ar,hotelcasablanca@ciudad.com.ar",,,Santiago del Estero,1685.0,Santiago del Estero 1685,,,-34.6279661,-58.3844215,ok
201,Central,Brasil 1327,(54 11) 4304-3783,,,,Brasil,1327.0,Brasil 1327,,,-34.6281767,-58.3847605,ok
202,Cibeles,"Cevallos, Virrey 264",(54 11) 4373-1444,hotelcibeles@hotmail.com.ar,,,"Cevallos, Virrey",264.0,"Cevallos, Virrey 264",,,-34.611842,-58.38903,ok
203,Colonial,24 de noviembre 229,(54 11) 4931-8800/3104,info@hotelcolonialbaires.com.ar,,,24 de noviembre,229.0,24 de noviembre 229,,,-34.6133808,-58.4114902,ok
204,Dos Mundos,Sarmiento 2009,(54 11) 4953-2171,hoteldosmundos@yahoo.com,,,Sarmiento,2009.0,Sarmiento 2009,,,-34.6057983,-58.3953534,ok
205,Egipto,Corrientes Av. 3193,(54 11) 4863-0808,info@hotelegipto.com.ar,,,Corrientes Av.,3193.0,Corrientes Av. 3193,,,-34.6039135,-58.4101055,ok
206,Esquel,Brasil 1319,(54 11) 4505-6362,,,,Brasil,1319.0,Brasil 1319,,,-34.6281605,-58.3846695,ok
207,Europa,"Mitre, Bartolome 1294",(54 11) 4384-8360,info@eurohotel.com.ar,,,"Mitre, Bartolome",1294.0,"Mitre, Bartolome 1294",,,-34.6070009,-58.3766938,ok
208,Galicia,"Yrigoyen, Hipolito 3072",(54 11) 4931-7270,,,,"Yrigoyen, Hipolito",3072.0,"Yrigoyen, Hipolito 3072",,,-34.6149472,-58.4277257,ok
209,Gran Hotel América,Bernardo 1608,(54 11) 4307-8785/9671,info@granhotelamerica.com.ar,,,Bernardo,1608.0,Bernardo 1608,,,-34.6274921,-58.3782234,ok
210,Gran Hotel España,Tacuarí 80,(54 11) 4343-5541,,,,Tacuarí,80.0,Tacuarí 80,,,-34.6092594,-58.3791299,ok
211,Gran Hotel Oriental,"Mitre, Bartolome 1840",(54 11) 4952-3371 / 4951-6427,ghoriental@hotmail.com,,,"Mitre, Bartolome",1840.0,"Mitre, Bartolome 1840",,,-34.6070009,-58.3766938,ok
212,Guayaquil,Moreno 2718,(54 11) 4957-5097,info@hotelguayaquil.com.ar,,,Moreno,2718.0,Moreno 2718,,,-34.6134548,-58.4044572,ok
213,Hotel San Martin,Callao Av. 327,(54 11 ) 4371-6450,hotelsanmartin1@yahoo.com.ar,,,Callao Av.,327.0,Callao Av. 327,,,-34.6052847,-58.3920776,ok
214,Jade,Sanchez De Bustamante 839,(54 11) 4863-8711,,,,Sanchez De Bustamante,839.0,Sanchez De Bustamante 839,,,-34.600671,-58.4138049,ok
215,La Vasconia,Salta 1806,(54 11) 4304-3031,silvadaut@hotmail.com,,,Salta,1806.0,Salta 1806,,,-34.6291772,-58.3826546,ok
216,Lacroze,"Lacroze, Federico Av. 3236",(54 11) 4552-4445,,,,"Lacroze, Federico Av.",3236.0,"Lacroze, Federico Av. 3236",,,-34.5711907,-58.4457799,ok
217,Las Familias,Cuba 3146,(54 11) 4702-5687,lasfamiliashotel@gmail.com,http://www.hotellasfamilias.com/es/,,Cuba,3146.0,Cuba 3146,,,-34.5515552,-58.4635767,ok
218,Leon,Callao Av. 758,(54 11) 4811-5054,hotel-leon@hotmail.com,,,Callao Av.,758.0,Callao Av. 758,,,-34.6002102,-58.3929912,ok
219,Litoral,Corrientes Av. 6891,(54 11) 4554-5493,,,,Corrientes Av.,6891.0,Corrientes Av. 6891,,,-34.5869444,-58.4547182,ok
220,Los Robles,Estados Unidos 827,(54 11) 4300-2096,daquilaus@hotmail.com,,,Estados Unidos,827.0,Estados Unidos 827,,,-34.6184474,-58.377677,ok
221,Lourdes,Callao Av. 44,(54 11)4952-3087/3720,lourdeshotel@yahoo.com.ar,,,Callao Av.,44.0,Callao Av. 44,,,-34.6086511,-58.3921432,ok
222,Marfil,Ecuador 282,(54 11) 4861-1570,,,,Ecuador,282.0,Ecuador 282,,,-34.606937,-58.4089316,ok
223,Medrano Plaza Hotel,Medrano 874,(54 11) 4864-1631,info@medranoplazahotel.com.ar,,,Medrano,874.0,Medrano 874,,,-34.5997265,-58.4205723,ok
224,Miki,La Rioja 271,(54 11) 4957-1614,,,,La Rioja,271.0,La Rioja 271,,,-34.6135649,-58.4086937,ok
225,Miño,Gallo 1258,(54 11) 4962-3673,rodovalho@ciudad.com.ar,,,Gallo,1258.0,Gallo 1258,,,-34.6076585,-58.4140092,ok
226,Odeon,Humberto 1º 1257,(54 11) 4303-3347/9775,"info@hotelodeon.com.ar,hotelodeon@hotmail.com",,,Humberto 1º,1257.0,Humberto 1º 1257,,,-34.6743947,-58.4556637,ok
227,Once Plaza,Moreno 2717,(54 11) 4932-5400,info@onceplazahteldos.com.ar,,,Moreno,2717.0,Moreno 2717,,,-34.6133231,-58.4044595,ok
228,Orleans,Callao Av. 680,(54 11) 4812-9342,consultas@orleanshotel.com.ar,,,Callao Av.,680.0,Callao Av. 680,,,-34.6011175,-58.3928589,ok
229,Palace Hotel Rondeau,Entre Rios Av. 2100,(54 11) 4306-5388,,,,Entre Rios Av.,2100.0,Entre Rios Av. 2100,,,-34.6132286,-58.3917437,ok
230,Paris,Av. Donato Álvarez 2141,(54 11) 4581-0400,,,,Av. Donato Álvarez,2141.0,Av. Donato Álvarez 2141,,,-34.6022756,-58.4651086,ok
232,Reina,De Mayo Av. 1120,(54 11) 4381-2496,reservas@hotelreina.com.ar,https://hotelreina.com.ar/,,De Mayo Av.,1120.0,De Mayo Av. 1120,,,-34.6095608,-58.3867309,ok
233,Rich,Paraguay 2088,(54 11) 4864-8444,,,,Paraguay,2088.0,Paraguay 2088,,,-34.5986598,-58.3970762,ok
234,Rich,Bulnes 1247,(54 11) 4963-4963,,,,Bulnes,1247.0,Bulnes 1247,,,-34.588251,-58.4112129,ok
235,Roma,De Mayo Av. 1413,(54 11) 4383-1273,,,,De Mayo Av.,1413.0,De Mayo Av. 1413,,,-34.6093033,-58.3879786,ok
237,Rosedal,Santiago Del Estero 1687,(54 11) 4304-4800,,,,Santiago Del Estero,1687.0,Santiago Del Estero 1687,,,-34.6279847,-58.3844211,ok
238,San Agustin,Pueyrredon Av. 121,(54 11) 4863-2131,hotelsanagustin@ciudad.com.ar,,,Pueyrredon Av.,121.0,Pueyrredon Av. 121,,,-34.608553,-58.4058974,ok
239,San Carlos,Moreno 3054,(54 11) 4931-7823,,,,Moreno,3054.0,Moreno 3054,,,-34.6140374,-58.4092311,ok
240,San Julian,Aranguren 2528,(54 11) 4611-8607,,,,Aranguren,2528.0,Aranguren 2528,,,-34.6236524,-58.4670522,ok
241,Soutullo,Bogota 2519,(54 11) 4612-9406,,,,Bogota,2519.0,Bogota 2519,,,-34.6257327,-58.4660096,ok
243,Venezuela,Venezuela 2135,(54 11) 4942-8734,,,,Venezuela,2135.0,Venezuela 2135,,,-34.6152096,-58.3967372,ok
244,Vesuvio,Rivadavia Av. 2548,(54 11) 4951-4715,,,,Rivadavia Av.,2548.0,Rivadavia Av. 2548,,,-34.6100272,-58.4025189,ok
245,York,Alsina 2632,(54 11) 4951-8957,,,,Alsina,2632.0,Alsina 2632,,,-34.6123616,-58.403623,ok
246,24 de noviembre,24 de noviembre 1057,(54 11) 4931-4661,,,,24 de noviembre,1057.0,24 de noviembre 1057,,,-34.6135866,-58.4113796,ok
247,9 de julio,Lima 1417,(54 11) 4305-3967,josemarceloteo@yahoo.com,,,Lima,1417.0,Lima 1417,,,-34.6091227,-58.3826462,ok
248,Alcazar,De Mayo Av. 935,(54 11) 4345 4308,info@hotelalcazar.com.ar,,,De Mayo Av.,935.0,De Mayo Av. 935,,,-34.608798,-58.3711432,ok
249,Aldeano II,Pasco 136,(54 11) 4951-4102,aldeano2@hotelaldeano.com.ar,,,Pasco,136.0,Pasco 136,,,-34.6111139,-58.3973823,ok
250,Ancon,"Alvear, Marcelo T. De 2223",(54 11) 4824-0338,hotelancon@hotelancon.com.ar,http://hotelancon.com.ar/,,"Alvear, Marcelo T. De",2223.0,"Alvear, Marcelo T. De 2223",,,-34.5973606,-58.3950462,ok
251,Astur,Avellaneda 371,(54 11) 4982-9515,,,,Avellaneda,371.0,Avellaneda 371,,,-34.6130935,-58.4356666,ok
252,Baccara,Salta 952,(54 11) 4308-8173,,,,Salta,952.0,Salta 952,,,-34.6191682,-58.382914,ok
253,Bahia 1,Corrientes Av. 1212,(54 11) 4382-1780,"anelluz@hotmail.com,arhotelbahia@gmail.com",,,Corrientes Av.,1212.0,Corrientes Av. 1212,,,-34.6026247,-58.4252094,ok
254,Bahia 2,Corrientes Av. 1212,(54 11) 4382 1780,,,,Corrientes Av.,1212.0,Corrientes Av. 1212,,,-34.6026247,-58.4252094,ok
255,Brisas del Mar,Humberto 1º 826,(54 11) 4306-6040,info@hotelbrisasdelmar.com.ar,,,Humberto 1º,826.0,Humberto 1º 826,,,-34.6240767,-58.4129483,ok
256,Castilla,"Mitre, Bartolome 1548",(54 11) 4338-4586,,,,"Mitre, Bartolome",1548.0,"Mitre, Bartolome 1548",,,-34.6070009,-58.3766938,ok
257,Central,Alsina 1693,(54 11) 4304-3783,,,,Alsina,1693.0,Alsina 1693,,,-34.6113274,-58.3901559,ok
258,Confort,Rivadavia Av. 2093,(54 11) 4953-4367,,,,Rivadavia Av.,2093.0,Rivadavia Av. 2093,,,-34.5463756,-58.4656373,ok
259,Culpina,Culpina 553,(54 11) 4611-0573,,,,Culpina,553.0,Culpina 553,,,-34.6365392,-58.4641353,ok
260,Ensenada,Ensenada 134,(54 11) 4672-2547,,,,Ensenada,134.0,Ensenada 134,,,-34.634762,-58.4780604,ok
261,Europeo,Sarmiento 2010,(54 11) 4953-6384,,,,Sarmiento,2010.0,Sarmiento 2010,,,-34.6024631,-58.4596152,ok
264,La Piedad,"Mitre, Bartolome 1156",(54 11) 4381-6810,lapiedadhotel@gmail.com,,,"Mitre, Bartolome",1156.0,"Mitre, Bartolome 1156",,,-34.6070009,-58.3766938,ok
265,La Santa María,Cramer 618,(54 11) 4551-4166,,,,Cramer,618.0,Cramer 618,,,-34.5740291,-58.4463424,ok
266,Los Ángeles,"Yrigoyen, Hipolito 3073",(54 11) 4864-2692,,,,"Yrigoyen, Hipolito",3073.0,"Yrigoyen, Hipolito 3073",,,-34.6092282,-58.3750538,ok
267,Magistral,"Borges, Jorge Luis 1937",(54 11) 4831-4006,,,,"Borges, Jorge Luis",1937.0,"Borges, Jorge Luis 1937",,,-34.5862688,-58.4262638,ok
268,Maipo,Esmeralda 474,(54 11) 4328-4907/4393-2982,hotelmaipo@hotmail.com,,,Esmeralda,474.0,Esmeralda 474,,,-34.602697,-58.3781629,ok
269,Mary Sil,Bolivia 1151,(54 11) 4581-9005,,,,Bolivia,1151.0,Bolivia 1151,,,-34.59068,-58.4928983,ok
270,Mayo,Alsina 2164,(54 11) 4952-7356,,,,Alsina,2164.0,Alsina 2164,,,-34.6118898,-58.3969524,ok
271,Mexico,Mexico 2475,(54 11) 4942-1713,,,,Mexico,2475.0,Mexico 2475,,,-34.6164516,-58.4008551,ok
272,Mexico,Mexico 2944,(54 11) 4931-3087,residencial.mexico.hotel@gmail.com,,,Mexico,2944.0,Mexico 2944,,,-34.6180854,-58.4071832,ok
273,Miky,Talcahuano 362,(54 11) 4371-2376,,,,Talcahuano,362.0,Talcahuano 362,,,-34.6044921,-58.3851662,ok
274,Miramar,Salta 1429,(54 11) 4306-6038,,,,Salta,1429.0,Salta 1429,,,-34.6250959,-58.3830121,ok
275,Nazarre,Nazarre 3150,(54 11) 4501-2019,,,,Nazarre,3150.0,Nazarre 3150,,,-34.6238635,-58.5264638,ok
276,Noemi,Diaz Velez Av. 5075,(54 11) 4982-8201,,,,Diaz Velez Av.,5075.0,Diaz Velez Av. 5075,,,-34.654356,-58.5291129,ok
277,O Rei,Lavalle 733,(54 11) 4393-7186,info@hotelorei.com.ar,,,Lavalle,733.0,Lavalle 733,,,-34.602282,-58.3772188,ok
278,Odeon,Esmeralda 368,(54 11) 4326-0128,hotelodeon@hotmail.com,,,Esmeralda,368.0,Esmeralda 368,,,-34.6039687,-58.3781229,ok
279,Oliden,Alsina 2597,(54 11) 4951-8729,,,,Alsina,2597.0,Alsina 2597,,,-34.6122066,-58.4031052,ok
280,Olleros,Olleros 3146,(54 11) 4552-9975,,,,Olleros,3146.0,Olleros 3146,,,-34.5779054,-58.4481175,ok
281,Once,Rivadavia Av. 2962,(54 11) 4861-1666,,,,Rivadavia Av.,2962.0,Rivadavia Av. 2962,,,-34.6104162,-58.4083824,ok
282,Panamerican,Moreno 2754,(54 11) 4942-8807,,,,Moreno,2754.0,Moreno 2754,,,-34.613467,-58.4047306,ok
283,Paso,Paso 50,(54 11) 4952-5736,,,,Paso,50.0,Paso 50,,,-34.609312,-58.403433,ok
284,Pinot,Diaz Velez Av. 5069,(54 11) 4962-2747,,,,Diaz Velez Av.,5069.0,Diaz Velez Av. 5069,,,-34.654356,-58.5291129,ok
285,Pueyrredon,Av. Pueyrredón 47,(54 11) 4862-4377,,,,Av. Pueyrredón,47.0,Av. Pueyrredón 47,,,-34.6094715,-58.4058435,ok
286,Rey,Combate de los Pozos 471,(54 11) 4942 8412,info@hotel-rey.com.ar,,,Combate de los Pozos,471.0,Combate de los Pozos 471,,,-34.6146929,-58.3932884,ok
287,San Andres,San Luis 2921,(54 11) 4961-5346,,,,San Luis,2921.0,San Luis 2921,,,-34.5995758,-58.4065262,ok
288,San Remo,Av. Directorio 2449,(54 11) 4612-9751,info@sanremoflores.com,,,Av. Directorio,2449.0,Av. Directorio 2449,,,-34.6335021,-58.461587,ok
289,Santa Cruz,Bogota 2858,(54 11) 4611-2133,,,,Bogota,2858.0,Bogota 2858,,,-34.6273148,-58.470503,ok
290,Sarmiento,Sarmiento 1162,(54 11) 4382-4148,,,,Sarmiento,1162.0,Sarmiento 1162,,,-34.6042996,-58.3687404,ok
291,Sevilla,Solís 138,(54 11) 4372-8447,,,,Solís,138.0,Solís 138,,,-34.6107038,-58.3903012,ok
292,Solana,Ecuador 945,(54 11) 4962-7337,,,,Ecuador,945.0,Ecuador 945,,,-34.598908,-58.4058446,ok
293,Universal,Cochabamba 1364,(54 11) 4306-5718,,,,Cochabamba,1364.0,Cochabamba 1364,,,-34.6236427,-58.3852625,ok
294,Victoria,Chacabuco 726,(54 11) 4351-2135,,,,Chacabuco,726.0,Chacabuco 726,,,-34.6164943,-58.3759104,ok
295,Washington,"Garay, Juan De Av. 340",(54 11) 4361-4738,,,,"Garay, Juan De Av.",340.0,"Garay, Juan De Av. 340",,,-34.6312942,-58.4163481,ok
297,Art Factory Soho,Charcas 4500,(54 11) 4774-2639,info@artfactorysoho.com.ar,https://artfactoryhostels.com.ar/es/hostels/soho,,Charcas,4500.0,Charcas 4500,,,-34.5825028,-58.4248187,ok
298,La Cascada Town House Hotel,Vuelta de Obligado 4578,(54 11) 4703-1251,info@lacascadatownhouse.com.ar,,,Vuelta de Obligado,4578.0,Vuelta de Obligado 4578,,,-34.5411768,-58.4724796,ok
299,Telmotango,Chacabuco 679,(54 11) 4361-5808,info@hostelmotango.com,,,Chacabuco,679.0,Chacabuco 679,,,-34.6159306,-58.376057,ok
300,Legado Mitico,Gurruchaga 1848,(54 11) 4833-1300,reservasbsas@legadomitico.com,,,Gurruchaga,1848.0,Gurruchaga 1848,,,-34.5876578,-58.4267891,ok
301,Duque Hotel Boutique,Guatemala 4364,(54 11) 4832-0312,reservas@duquehotel.com,,,Guatemala,4364.0,Guatemala 4364,,,-34.588832,-58.4210942,ok
302,Home Buenos Aires,Honduras 5860,(54 11) 4778-1008,info@homebuenosaires.com,,,Honduras,5860.0,Honduras 5860,,,-34.5821395,-58.439013,ok
303,Hotel Boutique Racó de Buenos Aires,Yapeyu 269,(54 11) 3530 6075,info@racodebuenosaires.com.ar,,,Yapeyu,269.0,Yapeyu 269,,,-34.6154429,-58.4216631,ok
304,Tanguero Boutique,Suipacha 780,(54 11) 4328-7006 / 4328-7045,info@tanguerohotel.com,,,Suipacha,780.0,Suipacha 780,,,-34.5993216,-58.3797982,ok
305,Mansion Vitraux,"Calvo, Carlos 369",(54 11) 4300-6886,frontdesk.boutiquesuites@boutiqueapartmentsba.com,,,"Calvo, Carlos",369.0,"Calvo, Carlos 369",,,-34.6193913,-58.3673519,ok
306,CasaCalma Hotel,Suipacha 1015,(54 11) 4312-5000,info@casacalmahotel.com,,,Suipacha,1015.0,Suipacha 1015,,,-34.6024279,-58.3795505,ok
307,Fierro Hotel Boutique,Soler 5862,(54 11) 3220-6800,info@fierrohotel.com,,,Soler,5862.0,Soler 5862,,,-34.5789097,-58.4353801,ok
308,Ilum Experience Home,El Salvador 5726,(54 11) 4776-8667,ilum@ilumhotel.com,,,El Salvador,5726.0,El Salvador 5726,,,-34.5823169,-58.4367598,ok
309,Mio Buenos Aires,Quintana 465,(54 11) 5295-8500,reservas@miobuenosaires.com,www.miobuenosaires.com,,Quintana,465.0,Quintana 465,,,-34.5441158,-58.4803219,ok
310,Tiana Buenos Aires,Humberto 1º 629,(54 11) 4362-8663 / 4300 8177,info@tianabuenosaires.com.ar,,,Humberto 1º,629.0,Humberto 1º 629,,,-34.6240767,-58.4129483,ok
311,AWWA Suites & Spa,Lafinur 3370,(54 11) 3966-0000,info@awwasuites.com,,,Lafinur,3370.0,Lafinur 3370,,,-34.5769422,-58.4121962,ok
312,Art Factory Hostel,Piedras 545,(54 11) 4343-1463,info@artfactoryba.com.ar,,,Piedras,545.0,Piedras 545,,,-34.6144953,-58.3777585,ok
313,Art Factory Palermo,Costa Rica 4353,(54 11) 2004-4958,info@artfactorypalermo.com.ar,www.artfactoryhostels.com.ar,,Costa Rica,4353.0,Costa Rica 4353,,,-34.5904455,-58.4234855,ok
314,Estacion Buenos Aires Hostel,Solis 458,(54 11) 4381-0734,info@hostelestacionbuenosaires.com,,,Solis,458.0,Solis 458,,,-34.6143612,-58.3903061,ok
315,Hostel Recoleta,Libertad 1216,(54 11) 4812-4419,hotelesenba@gmail.com,,,Libertad,1216.0,Libertad 1216,,,-34.6079994,-58.3834961,ok
316,O6 Central Hostel,Maipu 306,(54 11) 5219-0052/53,info@06centralhostel.com,,,Maipu,306.0,Maipu 306,,,-34.6045387,-58.3766523,ok
317,Play Hostel Arcos,Charcas 4752,(54 11) 4773-0806,info@hostelsuitespalermo.com,,,Charcas,4752.0,Charcas 4752,,,-34.5811042,-58.4267513,ok
318,Play Hostel Soho,Guatemala 4636,(54 11) 4832-4257,info@playhostel.com,,,Guatemala,4636.0,Guatemala 4636,,,-34.5867791,-58.4240245,ok
319,Sabatico Traveller Hostel,Mexico 1410,(54 11) 4381-1138,info@sabaticohostel.com.ar,http://www.sabaticohostel.com.ar/,,Mexico,1410.0,Mexico 1410,,,-34.615557,-58.3861281,ok
320,Sudamerika Hostel & Suites,"Yrigoyen, Hipolito 951",(54 11) 4342-3053,info@sudamerikahostel.com.ar,,,"Yrigoyen, Hipolito",951.0,"Yrigoyen, Hipolito 951",,,-34.6092282,-58.3750538,ok
321,Alvear Art Hotel,Suipacha 1036,(54 11) 4114-3400,"info@alvearart.com,recepcion.aah@alvear.com.ar",,,Suipacha,1036.0,Suipacha 1036,,,-34.6077223,-58.3792542,ok
322,Apart Independencia,Independencia Av. 1877,(54 11) 4384-1102,independencia@luzyfuerzapatagonia.com.ar,,,Independencia Av.,1877.0,Independencia Av. 1877,,,-34.6180624,-58.3928219,ok
323,Bet Hotel,Saavedra 526,(54 11) 4942-3399,info@bethotelbuenosaires.com.ar,,,Saavedra,526.0,Saavedra 526,,,-34.6158152,-58.4027574,ok
324,Hotel Anselmo Buenos Aires Curio Collection by Hilton,Anselmo Aieta 1069,(54 11) 4834-3200,info@anselmohotel.com,,,Anselmo Aieta,1069.0,Anselmo Aieta 1069,,,-34.620525,-58.372049,ok
325,Infinito Hotel Eco Design,Arenales 3689,(54 11) 4832-1060 / 2070 2626,info@infinitohotel.com,,,Arenales,3689.0,Arenales 3689,,,-34.5851334,-58.4138636,ok
326,Kenton Palace,Defensa 383,(54 11) 4331-2020,reservas1@kentonpalace.com.ar,,,Defensa,383.0,Defensa 383,,,-34.6122395,-58.3721449,ok
327,The Loft,Rivadavia Av. 921,(54 11) 4331-4538,reservastheloft@outlook.com,,,Rivadavia Av.,921.0,Rivadavia Av. 921,,,-34.6082686,-58.3795583,ok
328,Algodon Mansion,Montevideo 1647,(54 11) 3530-7777,reservations@algodonmansion.com,,,Montevideo,1647.0,Montevideo 1647,,,-34.5912411,-58.387436,ok
329,Club Frances,Rodriguez Peña 1832,(54 11) 4811-0348,info@hotelclubfrances.com.ar,,,Rodriguez Peña,1832.0,Rodriguez Peña 1832,,,-34.5896063,-58.3876986,ok
330,Miravida Soho,Darragueyra 2050,(54 11) 4774-6433,info@miravidasoho.com,,,Darragueyra,2050.0,Darragueyra 2050,,,-34.5792936,-58.4241148,ok
331,Tango De Mayo,De Mayo Av. 1396,(54 11) 3221-6500,info@tango-hotel.com.ar,,,De Mayo Av.,1396.0,De Mayo Av. 1396,,,-34.6095951,-58.3861264,ok
332,Arc Recoleta,Peña 2155,(54 11) 2150-4680,reservas@archoteles.com.ar,https://www.archoteles.com.ar/,,Peña,2155.0,Peña 2155,,,-34.5913849,-58.3963599,ok
333,Carles Hotel,Juncal 798,(54 11) 5196-8200,info@carleshotelbuenosaires.com,www.carleshotelbuenosaires.com,,Juncal,798.0,Juncal 798,,,-34.5929573,-58.3784544,ok
334,Costa Rica,Costa Rica 4137,(54 11) 4864-7390,info@hotelcostarica.com.ar,,,Costa Rica,4137.0,Costa Rica 4137,,,-34.5914996,-58.42115,ok
335,Koten Hotel Palermo Soho,Guemes 4651,(54 11) 4771-3293,info@kotenhotel.com,,,Guemes,4651.0,Guemes 4651,,,-34.581134,-58.424076,ok
336,Mérit San Telmo,Alsina 801,(54 11) 5280-9100,recepcionnmba@merithoteles.com.ar,,,Alsina,801.0,Alsina 801,,,-34.6104984,-58.377784,ok
337,Patios de San Telmo,Chacabuco 752,(54 11) 4307-0480/0965,info@patiosdesantelmo.com.ar,,,Chacabuco,752.0,Chacabuco 752,,,-34.6168827,-58.3758635,ok
338,Posada Gotan B&B,Sanchez de Loria 1618,(54 11) 4912-3807,posadagotan@gmail.com,,,Sanchez de Loria,1618.0,Sanchez de Loria 1618,,,-34.6294443,-58.4117458,ok
339,1828 Smart Hotel,Fray Justo Santa María de Oro 1828,(54 11) 2060-9011,reservas@1828smarthotel.com,,,Fray Justo Santa María de Oro,1828.0,Fray Justo Santa María de Oro 1828,,,-34.5855118,-58.4302163,ok
340,Casasur Recoleta,Callao Av. 1823,(54 11) 4515-0085,info@casasurhotel.com,,,Callao Av.,1823.0,Callao Av. 1823,,,-34.5889636,-58.3886611,ok
341,L´Hotel Palermo,Thames 1562,(54 11) 4831-7198,info@lhotelpalermo.com,,,Thames,1562.0,Thames 1562,,,-34.5882142,-58.431528,ok
342,Palo Santo Hotel,Bonpland 2275,(54 11) 5280-6100,info@palosantohotel.com,,,Bonpland,2275.0,Bonpland 2275,,,-34.5789423,-58.4321647,ok
343,Alvear Icon Hotel,Aime Paine 1110,(54 11) 4114-0900,reservationsicon@alvear.com.ar,,,Aime Paine,1110.0,Aime Paine 1110,,,-34.6118261,-58.3617292,ok
344,América del Sur Hostel,Chacabuco 718,(54 11) 4300-5525,baires@americahostel.com.ar,,,Chacabuco,718.0,Chacabuco 718,,,-34.6164967,-58.3758093,ok
345,Casasur Palermo Hotel,Costa Rica 6032,(54 11) 4770-9452,recepcion@casasurpalermo.com,,,Costa Rica,6032.0,Costa Rica 6032,,,-34.5792089,-58.4392132,ok
346,Feel Apartments,Fray Justo Santa María de Oro 2047,(54 9 11) 6368-3109,info@feelbuenosairesapartments.com,,,Fray Justo Santa María de Oro,2047.0,Fray Justo Santa María de Oro 2047,,,-34.5837755,-58.4283131,ok
347,Howard Johnson Plaza Buenos Aires,Lima 653,(54 11) 2205-8900,administracion.florencia@hjplazabuenosaires.com.ar,,,Lima,653.0,Lima 653,,,-34.6159223,-58.3817558,ok
348,Malevo Muraña Hostel,Russel 5050,(54 11) 4831-8855,info@malevohostel.com,,,Russel,5050.0,Russel 5050,,,-34.5873888,-58.4292215,ok
349,Argenta Suites Belgrano,Ciudad De La Paz 1868,(54 11) 4706-1881,ventas@argenta-suites.com.ar,,,Ciudad De La Paz,1868.0,Ciudad De La Paz 1868,,,-34.5648543,-58.4558402,ok
350,Blank,Peña 2049,(54 11) 4195-1137,reservas@blankhotel.com.ar,,,Peña,2049.0,Peña 2049,,,-34.5921347,-58.395326,ok
351,Dazzler by Wyndham Buenos Aires Recoleta,Av. Las Heras 2161,(54 11) 2058-5556,recepcion@dazzlerrecoleta.com,,,Av. Las Heras,2161.0,Av. Las Heras 2161,,,-34.5887944,-58.3953836,ok
352,Faena Hotel Buenos Aires,Martha Salotti 445,(54 11) 4010-9000,info@faenahotels.com,,,Martha Salotti,445.0,Martha Salotti 445,,,-34.614075,-58.3617326,ok
353,Grand Brizo,Cerrito 180,(54 11) 3985-7800,jibanez@grandbrizohoteles,,,Cerrito,180.0,Cerrito 180,,,-34.6064549,-58.3822021,ok
354,Hotel Hipólito,"Yrigoyen, Hipolito 2940",(54 11) 4957-6476,hotelhipolito@hotmail.com,,,"Yrigoyen, Hipolito",2940.0,"Yrigoyen, Hipolito 2940",,,-34.6092282,-58.3750538,ok
355,Howard Johnson Abasto by Windham,Jean Jaures 892,(54 11) 5292-5100,reservas@hjabasto.com.ar,,,Jean Jaures,892.0,Jean Jaures 892,,,-34.5997817,-58.4073498,ok
356,Konke Buenos Aires,Corrientes Av. 4320,(54 11) 5284-8300,gerencia@konkehotel.com,,,Corrientes Av.,4320.0,Corrientes Av. 4320,,,-34.6028377,-58.4260123,ok
357,Milhouse Avenue,De Mayo Av. 1245,(54 11) 5796-2009,info@milhousehostel.com,,,De Mayo Av.,1245.0,De Mayo Av. 1245,,,-34.6095608,-58.3867309,ok
358,Palladio Hotel Buenos Aires - MGallery,Callao Av. 924,(54 11) 4700-7500,recepcion.palladio@accor.com,,,Callao Av.,924.0,Callao Av. 924,,,-34.5983242,-58.39323,ok
359,Hub Porteño,Rodriguez Peña 1967,(54 11) 4815-6100,front@hubporteño.com,,,Rodriguez Peña,1967.0,Rodriguez Peña 1967,,,-34.588503,-58.3863336,ok
360,Let Sun Hotel Boutique,Fitz Roy 1527,(54 11) 4779-1212,info@letsunhotel.com,,,Fitz Roy,1527.0,Fitz Roy 1527,,,-34.5854818,-58.4377009,ok
361,Rendez Vous Hotel,Bonpland 1484,(54 11) 3964-5222,info@rendezvoushotel.com.ar,,,Bonpland,1484.0,Bonpland 1484,,,-34.5851054,-58.4394875,ok
362,Sileo Hotel,Azcuenaga 1968,(54 11) 4809-0001,reservas@sileohotel.com,,,Azcuenaga,1968.0,Azcuenaga 1968,,,-34.5870253,-58.3947295,ok
363,Cassa Lepage Art Hotel,Bolivar 365,(54 11) 5275-0594 / 0595 / 0596,info@cassalepage.com,https://www.cassalepage.com/,,Bolivar,365.0,Bolivar 365,,,-34.6121052,-58.3733976,ok
364,Granados Hostel,Chile 374,(54 11) 4362-5600,info@granadoshostel.com,,,Chile,374.0,Chile 374,,,-34.6160442,-58.3713552,ok
365,Hotel Huinid Obelisco,Sarmiento 1431,(54 11) 4371-4999,reservas@huinid.com,https://huinid.com/buenosaires/obelisco_hotel/,,Sarmiento,1431.0,Sarmiento 1431,,,-34.6052344,-58.3869345,ok
366,OWN Grand Palermo Soho,Gurruchaga 2121,(54 11) 4831-2027,front@ownhotels.com,,,Gurruchaga,2121.0,Gurruchaga 2121,,,-34.5861179,-58.4241402,ok
367,Scala Hotel,"Irigoyen, Bernardo De 740",(54 11) 43430606,info@scalabuenosaires.com,http://scalabuenosaires.com/,,"Irigoyen, Bernardo De",740.0,"Irigoyen, Bernardo De 740",,,-34.627995,-58.3781947,ok
368,Arenales Hotel,Arenales 2984,(54 11) 4828-5000,info@hotelarenales.com.ar,,,Arenales,2984.0,Arenales 2984,,,-34.5904453,-58.4068286,ok
369,Recoleta Grand Hotel,Av. Las Heras 1745,(54 11) 4129-9800 int 5062,ivalerio@recoletagrand.com,,,Av. Las Heras,1745.0,Av. Las Heras 1745,,,-34.592182,-58.391264,ok
370,Bulnes Eco Suites,Bulnes 1905,(54 11) 4829-3300,info@bulneseco.com,,,Bulnes,1905.0,Bulnes 1905,,,-34.5892299,-58.412523,ok
371,Hotel Nuevo Camino,"Mitre, Bartolome 1907",(54 11) 4952-6266,,,,"Mitre, Bartolome",1907.0,"Mitre, Bartolome 1907",,,-34.6070009,-58.3766938,ok
372,HTL 9 De Julio,Alsina 1112,(54 11) 7078-0731,reservas.9dejulio@htlhoteles.com,,,Alsina,1112.0,Alsina 1112,,,-34.611484,-58.3904708,ok
373,Residencia Universitaria Buen Día,Lavalle 2115,(54 11) 4373-1663,,,,Lavalle,2115.0,Lavalle 2115,,,-34.6032289,-58.3972001,ok
374,Callao Suites Apart Hotel Recoleta,Callao Av. 1062,(54 11) 4812-3102,info@callaosuites.com.ar,www.callaosuites.com.ar,,Callao Av.,1062.0,Callao Av. 1062,,,-34.5996372,-58.3926756,ok
375,Be Jardin Escondido by Coppola,Gorriti 4746,(54 11) 48328830 / 4834-6166,,,,Gorriti,4746.0,Gorriti 4746,,,-34.5911657,-58.4286396,ok
376,Hotel Design Suites Buenos Aires,Tacuarí 243,(54 11) 3724-0700 / 4896-6340,reservas.bsas@gruposolanas.com,www.designsuites.com,,Tacuarí,243.0,Tacuarí 243,,,-34.6111296,-58.3791606,ok
378,Draper Startup House,Chile 680,(54 11 ) 6434-4839,argentina@draperstartuphouse.com,https://draperstartuphouse.com/buenos-aires-argentina,,Chile,680.0,Chile 680,,,-34.6163831,-58.3755269,ok
380,BA Stop Hostel,Rivadavia Av. 1194,(54 11) 6091-2156,info@bastop.com,www.bastop.com ,,Rivadavia Av.,1194.0,Rivadavia Av. 1194,,,-34.6108979,-58.4188396,ok
381,Puerto Limón Hostel,Chacabuco 1080,(54 9 11) 3645-9086,info@puertolimon.com,www.puertolimonhostel.com,,Chacabuco,1080.0,Chacabuco 1080,,,-34.6183321,-58.3758568,ok
382,Lemon Suites Apartments,Chacabuco 1072,(54 11) 4307-5651,info@lemonsuites.com.ar,http://www.lemonsuites.com.ar/,,Chacabuco,1072.0,Chacabuco 1072,,,-34.6204691,-58.375705,ok
383,Juramento de Lealtad Townhouse Hotel,Juramento 2666,(54 11) 4782-0158/1946,info@townhousehotel.com.ar,http://www.townhousehotel.com.ar/,,Juramento,2666.0,Juramento 2666,,,-34.5635106,-58.4590758,ok
384,Magnolia Hotel,"Alvarez, Julian 1746",(54 9 11) 4867-4900,info@magnoliahotelboutique.com,www.magnoliahotelboutique.com,,"Alvarez, Julian",1746.0,"Alvarez, Julian 1746",,,-34.599905,-58.4350714,ok
385,Córdoba Suites,Cordoba Av. 1827,(54 11) 4811-8125,cordobasuites@gmail.com,www.cordobasuites.com,,Cordoba Av.,1827.0,Cordoba Av. 1827,,,-34.5995318,-58.3934341,ok
386,Htl City Bs. As.,Piedras 303,(54 11) 5277-6050 / 52175799,reservas.citybaires@htlhoteles.com,www.htlhoteles.com,,Piedras,303.0,Piedras 303,,,-34.6117559,-58.3777003,ok
387,Htl Urbano,Tucuman 451,(54 11) 7078-0852,reservas.urbano@htlhoteles.com,www.htlhoteles.com,,Tucuman,451.0,Tucuman 451,,,-34.6008247,-58.3733316,ok
388,Hotel Parada,Rivadavia Av. 1291,(54 11) 4381-6399,info@hostelparada.com,www.hostelparada.com,,Rivadavia Av.,1291.0,Rivadavia Av. 1291,,,-34.6086082,-58.3847195,ok
389,Hotel El Plata,"Calvo, Carlos 1274",(54 9 11) 67933468,tatin.lemeja@gmail.com,,,"Calvo, Carlos",1274.0,"Calvo, Carlos 1274",,,-34.6196634,-58.3779717,ok
