id,nombre,direccion,barrio,comuna,anillo,distancia,cantidad_delitos,area_km2,densidad,base,dens_rel
1,Comisaria Vecinal 1-D,LAVALLE 451,SAN NICOLAS,1,1,0-300 m,4478,0.28228936414897915,15863.155218404618,15863.155218404618,1.0
1,Comisaria Vecinal 1-D,LAVALLE 451,SAN NICOLAS,1,2,300-600 m,9276,0.8468680924476529,10953.29967290434,15863.155218404618,0.6904868244746287
1,Comisaria Vecinal 1-D,LAVALLE 451,SAN NICOLAS,1,3,600-900 m,11429,1.4114468207453075,8097.364939307436,15863.155218404618,0.5104510942383504
1,Comisaria Vecinal 1-D,LAVALLE 451,SAN NICOLAS,1,4,900-1200 m,12857,1.9760255490442793,6506.494820483668,15863.155218404618,0.41016397626461837
37,Comisaria Vecinal 5-B,MUÑIZ 1250,BOEDO,5,1,0-300 m,1525,0.28228936414897915,5402.258085767539,5402.258085767539,1.0
37,Comisaria Vecinal 5-B,MUÑIZ 1250,BOEDO,5,2,300-600 m,3939,0.8468680924476529,4651.2556502339585,5402.258085767539,0.8609836065566496
37,Comisaria Vecinal 5-B,MUÑIZ 1250,BOEDO,5,3,600-900 m,5118,1.4114468207453075,3626.0664764524854,5402.258085767539,0.6712131147539026
37,Comisaria Vecinal 5-B,MUÑIZ 1250,BOEDO,5,4,900-1200 m,8150,1.9760255490442793,4124.440599435475,5402.258085767539,0.7634660421540161
39,Comisaria Vecinal 6-A,DIAZ VELEZ AV. 5152,CABALLITO,6,1,0-300 m,1977,0.28228936414897915,7003.451957745853,7003.451957745853,1.0
39,Comisaria Vecinal 6-A,DIAZ VELEZ AV. 5152,CABALLITO,6,2,300-600 m,3751,0.8468680924476529,4429.261219605884,7003.451957745853,0.6324397234862301
39,Comisaria Vecinal 6-A,DIAZ VELEZ AV. 5152,CABALLITO,6,3,600-900 m,5754,1.4114468207453075,4076.667937770145,7003.451957745853,0.582094081942167
39,Comisaria Vecinal 6-A,DIAZ VELEZ AV. 5152,CABALLITO,6,4,900-1200 m,8555,1.9760255490442793,4329.397463579201,7003.451957745853,0.6181805043712573
8,Comisaria Vecinal 7-B,VALLE 1454,CABALLITO,6,1,0-300 m,1319,0.28228936414897915,4672.510436149105,4672.510436149105,1.0
8,Comisaria Vecinal 7-B,VALLE 1454,CABALLITO,6,2,300-600 m,4650,0.8468680924476529,5490.819693726303,4672.510436149105,1.1751326762689085
8,Comisaria Vecinal 7-B,VALLE 1454,CABALLITO,6,3,600-900 m,6097,1.4114468207453075,4319.680990021649,4672.510436149105,0.9244882486729675
8,Comisaria Vecinal 7-B,VALLE 1454,CABALLITO,6,4,900-1200 m,9150,1.9760255490442793,4630.506930654551,4672.510436149105,0.9910105057937182
38,Comisaria Comunal 6,AVELLANEDA AV. 1548,CABALLITO,6,1,0-300 m,578,0.28228936414897915,2047.5443761138608,2047.5443761138608,1.0
38,Comisaria Comunal 6,AVELLANEDA AV. 1548,CABALLITO,6,2,300-600 m,2203,0.8468680924476529,2601.3496312428056,2047.5443761138608,1.2704728950392958
38,Comisaria Comunal 6,AVELLANEDA AV. 1548,CABALLITO,6,3,600-900 m,6118,1.4114468207453075,4334.559340159497,2047.5443761138608,2.1169550173004206
38,Comisaria Comunal 6,AVELLANEDA AV. 1548,CABALLITO,6,4,900-1200 m,8655,1.9760255490442793,4380.004096701108,2047.5443761138608,2.1391497775565393
10,Comisaria Comunal 1,SUIPACHA 1156,RETIRO,1,1,0-300 m,2491,0.28228936414897915,8824.278617473405,8824.278617473405,1.0
10,Comisaria Comunal 1,SUIPACHA 1156,RETIRO,1,2,300-600 m,5211,0.8468680924476529,6153.2605212919925,8824.278617473405,0.697310317141121
10,Comisaria Comunal 1,SUIPACHA 1156,RETIRO,1,3,600-900 m,9872,1.4114468207453075,6994.241550515619,8824.278617473405,0.7926134082695399
10,Comisaria Comunal 1,SUIPACHA 1156,RETIRO,1,4,900-1200 m,13679,1.9760255490442793,6922.481344745749,8824.278617473405,0.7844812754481925
43,Comisaria Vecinal 1-C (edificio anexo),SAN JOSE 1224,CONSTITUCION,1,1,0-300 m,2591,0.28228936414897915,9178.525049327012,9178.525049327012,1.0
43,Comisaria Vecinal 1-C (edificio anexo),SAN JOSE 1224,CONSTITUCION,1,2,300-600 m,8105,0.8468680924476529,9570.557767236922,9178.525049327012,1.0427119516265475
43,Comisaria Vecinal 1-C (edificio anexo),SAN JOSE 1224,CONSTITUCION,1,3,600-900 m,16897,1.4114468207453075,11971.403918057376,9178.525049327012,1.3042840602080334
43,Comisaria Vecinal 1-C (edificio anexo),SAN JOSE 1224,CONSTITUCION,1,4,900-1200 m,14487,1.9760255490442793,7331.382940370763,9178.525049327012,0.7987539284330127
11,Comisaria Comunal 2,LAS HERAS GENERAL AV. 1861,RECOLETA,2,1,0-300 m,2005,0.28228936414897915,7102.640958664863,7102.640958664863,1.0
11,Comisaria Comunal 2,LAS HERAS GENERAL AV. 1861,RECOLETA,2,2,300-600 m,4859,0.8468680924476529,5737.6113745841085,7102.640958664863,0.8078137988355603
11,Comisaria Comunal 2,LAS HERAS GENERAL AV. 1861,RECOLETA,2,3,600-900 m,9339,1.4114468207453075,6616.614854159781,7102.640958664863,0.9315710723189302
11,Comisaria Comunal 2,LAS HERAS GENERAL AV. 1861,RECOLETA,2,4,900-1200 m,12582,1.9760255490442793,6367.326579398422,7102.640958664863,0.8964731029562468
42,Comisaria Vecinal 1-C,SAN JUAN AV. 1757,CONSTITUCION,1,1,0-300 m,3082,0.28228936414897915,10917.875029728233,10917.875029728233,1.0
42,Comisaria Vecinal 1-C,SAN JUAN AV. 1757,CONSTITUCION,1,2,300-600 m,6171,0.8468680924476529,7286.849103222584,10917.875029728233,0.6674237508105978
42,Comisaria Vecinal 1-C,SAN JUAN AV. 1757,CONSTITUCION,1,3,600-900 m,10506,1.4114468207453075,7443.426026105864,10917.875029728233,0.6817650876052522
42,Comisaria Vecinal 1-C,SAN JUAN AV. 1757,CONSTITUCION,1,4,900-1200 m,15436,1.9760255490442793,7811.639888697667,10917.875029728233,0.7154908686376595
29,Comisaria Vecinal 2-B,CHARCAS 2844,RECOLETA,2,1,0-300 m,2227,0.28228936414897915,7889.068037379876,7889.068037379876,1.0
29,Comisaria Vecinal 2-B,CHARCAS 2844,RECOLETA,2,2,300-600 m,8914,0.8468680924476529,10525.842311801347,7889.068037379876,1.3342314024835307
29,Comisaria Vecinal 2-B,CHARCAS 2844,RECOLETA,2,3,600-900 m,11709,1.4114468207453075,8295.7429411454,7889.068037379876,1.0515491692857284
29,Comisaria Vecinal 2-B,CHARCAS 2844,RECOLETA,2,4,900-1200 m,15101,1.9760255490442793,7642.107667739277,7889.068037379876,0.9686958752959849
2,Comisaria Vecinal 1-B (edificio anexo),PERU 1056,SAN TELMO,1,1,0-300 m,3016,0.28228936414897915,10684.072384704852,10684.072384704852,1.0
2,Comisaria Vecinal 1-B (edificio anexo),PERU 1056,SAN TELMO,1,2,300-600 m,6942,0.8468680924476529,8197.26243308559,10684.072384704852,0.7672413793096966
2,Comisaria Vecinal 1-B (edificio anexo),PERU 1056,SAN TELMO,1,3,600-900 m,10248,1.4114468207453075,7260.634867269455,10684.072384704852,0.6795755968167778
2,Comisaria Vecinal 1-B (edificio anexo),PERU 1056,SAN TELMO,1,4,900-1200 m,12215,1.9760255490442793,6181.6002358410215,10684.072384704852,0.5785809018563467
41,Comisaria Vecinal 3-B,CATAMARCA 1345,SAN CRISTOBAL,3,1,0-300 m,1390,0.28228936414897915,4924.025402765167,4924.025402765167,1.0
41,Comisaria Vecinal 3-B,CATAMARCA 1345,SAN CRISTOBAL,3,2,300-600 m,4571,0.8468680924476529,5397.534800004932,4924.025402765167,1.0961630695434386
41,Comisaria Vecinal 3-B,CATAMARCA 1345,SAN CRISTOBAL,3,3,600-900 m,6555,1.4114468207453075,4644.170721599461,4924.025402765167,0.9431654676256241
41,Comisaria Vecinal 3-B,CATAMARCA 1345,SAN CRISTOBAL,3,4,900-1200 m,8537,1.9760255490442793,4320.288269617257,4924.025402765167,0.8773895169572294
34,Comisaria Vecinal 14-A,"ALVAREZ, JULIAN 2373",PALERMO,14,1,0-300 m,2427,0.28228936414897915,8597.560901087094,8597.560901087094,1.0
34,Comisaria Vecinal 14-A,"ALVAREZ, JULIAN 2373",PALERMO,14,2,300-600 m,7786,0.8468680924476529,9193.875728032903,8597.560901087094,1.0693586045863785
34,Comisaria Vecinal 14-A,"ALVAREZ, JULIAN 2373",PALERMO,14,3,600-900 m,8476,1.4114468207453075,6005.18551278063,8597.560901087094,0.6984754841365907
34,Comisaria Vecinal 14-A,"ALVAREZ, JULIAN 2373",PALERMO,14,4,900-1200 m,12472,1.9760255490442793,6311.659282964324,8597.560901087094,0.7341220789917596
40,Comisaria Vecinal 1-E,"HUERGO, ING. AV. 1500",PUERTO MADERO,1,1,0-300 m,342,0.28228936414897915,1211.5227969393434,1211.5227969393434,1.0
40,Comisaria Vecinal 1-E,"HUERGO, ING. AV. 1500",PUERTO MADERO,1,2,300-600 m,2434,0.8468680924476529,2874.119383769854,1211.5227969393434,2.372319688107157
40,Comisaria Vecinal 1-E,"HUERGO, ING. AV. 1500",PUERTO MADERO,1,3,600-900 m,4529,1.4114468207453075,3208.7641797290557,1211.5227969393434,2.6485380116951336
40,Comisaria Vecinal 1-E,"HUERGO, ING. AV. 1500",PUERTO MADERO,1,4,900-1200 m,8219,1.9760255490442793,4159.359176289591,1211.5227969393434,3.4331662489532464
12,Comisaria Vecinal 4-C,PINZON 456,BOCA,4,1,0-300 m,1956,0.28228936414897915,6929.060207056595,6929.060207056595,1.0
12,Comisaria Vecinal 4-C,PINZON 456,BOCA,4,2,300-600 m,4211,0.8468680924476529,4972.439081780959,6929.060207056595,0.7176209952277509
12,Comisaria Vecinal 4-C,PINZON 456,BOCA,4,3,600-900 m,4085,1.4114468207453075,2894.1933482431423,6929.060207056595,0.4176891615540704
12,Comisaria Vecinal 4-C,PINZON 456,BOCA,4,4,900-1200 m,4515,1.9760255490442793,2284.889485454131,6929.060207056595,0.32975460122675604
13,Comisaria Vecinal 4-D (edificio anexo),"MONTES DE OCA, MANUEL 861",BARRACAS,4,1,0-300 m,1561,0.28228936414897915,5529.786801234839,5529.786801234839,1.0
13,Comisaria Vecinal 4-D (edificio anexo),"MONTES DE OCA, MANUEL 861",BARRACAS,4,2,300-600 m,3244,0.8468680924476529,3830.5847497737905,5529.786801234839,0.6927183429419729
13,Comisaria Vecinal 4-D (edificio anexo),"MONTES DE OCA, MANUEL 861",BARRACAS,4,3,600-900 m,4850,1.4114468207453075,3436.1903889790065,5529.786801234839,0.6213965406788706
13,Comisaria Vecinal 4-D (edificio anexo),"MONTES DE OCA, MANUEL 861",BARRACAS,4,4,900-1200 m,5469,1.9760255490442793,2767.67676543713,5529.786801234839,0.5005033403492317
45,Comisaria Vecinal 15-B,CAMARGO 645,VILLA CRESPO,15,1,0-300 m,2409,0.28228936414897915,8533.796543353445,8533.796543353445,1.0
45,Comisaria Vecinal 15-B,CAMARGO 645,VILLA CRESPO,15,2,300-600 m,4214,0.8468680924476529,4975.981546099492,8533.796543353445,0.5830911858304192
45,Comisaria Vecinal 15-B,CAMARGO 645,VILLA CRESPO,15,3,600-900 m,6548,1.4114468207453075,4639.211271553512,8533.796543353445,0.5436280614361221
45,Comisaria Vecinal 15-B,CAMARGO 645,VILLA CRESPO,15,4,900-1200 m,8539,1.9760255490442793,4321.300402279695,8533.796543353445,0.5063749036348123
3,Comisaria Vecinal 1-A,TUCUMAN 1560,SAN NICOLAS,1,1,0-300 m,2316,0.28228936414897915,8204.347361729588,8204.347361729588,1.0
3,Comisaria Vecinal 1-A,TUCUMAN 1560,SAN NICOLAS,1,2,300-600 m,11467,0.8468680924476529,13540.479446873014,8204.347361729588,1.6504029936658482
3,Comisaria Vecinal 1-A,TUCUMAN 1560,SAN NICOLAS,1,3,600-900 m,13200,1.4114468207453075,9352.105800932553,8204.347361729588,1.1398963730566622
3,Comisaria Vecinal 1-A,TUCUMAN 1560,SAN NICOLAS,1,4,900-1200 m,22225,1.9760255490442793,11247.324211343977,8204.347361729588,1.3708981001717226
15,Comisaria Vecinal 4-D,CALIFORNIA 1850,BARRACAS,4,1,0-300 m,1149,0.28228936414897915,4070.291501997969,4070.291501997969,1.0
15,Comisaria Vecinal 4-D,CALIFORNIA 1850,BARRACAS,4,2,300-600 m,2712,0.8468680924476529,3202.387743953921,4070.291501997969,0.7867711053082995
15,Comisaria Vecinal 4-D,CALIFORNIA 1850,BARRACAS,4,3,600-900 m,3411,1.4114468207453075,2416.6691581046166,4070.291501997969,0.5937336814619678
15,Comisaria Vecinal 4-D,CALIFORNIA 1850,BARRACAS,4,4,900-1200 m,3965,1.9760255490442793,2006.5530032836389,4070.291501997969,0.49297525798795727
32,Comisaria Vecinal 14-B,CABILDO AV. 232,PALERMO,14,1,0-300 m,1014,0.28228936414897915,3592.058818995597,3592.058818995597,1.0
32,Comisaria Vecinal 14-B,CABILDO AV. 232,PALERMO,14,2,300-600 m,2900,0.8468680924476529,3424.3821745819955,3592.058818995597,0.9533201840886094
32,Comisaria Vecinal 14-B,CABILDO AV. 232,PALERMO,14,3,600-900 m,5847,1.4114468207453075,4142.557774094897,3592.058818995597,1.1532544378694858
32,Comisaria Vecinal 14-B,CABILDO AV. 232,PALERMO,14,4,900-1200 m,6564,1.9760255490442793,3321.819398122019,3592.058818995597,0.9247675401514884
17,Comisaria Vecinal 13-C,MENDOZA 2263,BELGRANO,13,1,0-300 m,3281,0.28228936414897915,11622.825429116916,11622.825429116916,1.0
17,Comisaria Vecinal 13-C,MENDOZA 2263,BELGRANO,13,2,300-600 m,5628,0.8468680924476529,6645.663061568093,11622.825429116916,0.5717768972869294
17,Comisaria Vecinal 13-C,MENDOZA 2263,BELGRANO,13,3,600-900 m,7303,1.4114468207453075,5174.123383652306,11622.825429116916,0.4451691557450698
17,Comisaria Vecinal 13-C,MENDOZA 2263,BELGRANO,13,4,900-1200 m,8582,1.9760255490442793,4343.061254522116,11622.825429116916,0.373666565071355
47,Comisaria Vecinal 4-B,QUILMES 456,NUEVA POMPEYA,4,1,0-300 m,1039,0.28228936414897915,3680.620426958999,3680.620426958999,1.0
47,Comisaria Vecinal 4-B,QUILMES 456,NUEVA POMPEYA,4,2,300-600 m,2867,0.8468680924476529,3385.4150670781314,3680.620426958999,0.9197946743656009
47,Comisaria Vecinal 4-B,QUILMES 456,NUEVA POMPEYA,4,3,600-900 m,4435,1.4114468207453075,3142.1658505405967,3680.620426958999,0.8537054860440244
47,Comisaria Vecinal 4-B,QUILMES 456,NUEVA POMPEYA,4,4,900-1200 m,6135,1.9760255490442793,3104.716942029035,3680.620426958999,0.8435308675918569
18,Comisaria Vecinal 13-B,CUBA 3145,NUÑEZ,13,1,0-300 m,1202,0.28228936414897915,4258.042110880382,4258.042110880382,1.0
18,Comisaria Vecinal 13-B,CUBA 3145,NUÑEZ,13,2,300-600 m,4153,0.8468680924476529,4903.951438289319,4258.042110880382,1.1516916250683558
18,Comisaria Vecinal 13-B,CUBA 3145,NUÑEZ,13,3,600-900 m,5195,1.4114468207453075,3680.6204269579252,4258.042110880382,0.8643926788683002
18,Comisaria Vecinal 13-B,CUBA 3145,NUÑEZ,13,4,900-1200 m,7391,1.9760255490442793,3740.3362540401954,4258.042110880382,0.8784169241733621
19,Comisaria Vecinal 8-B,ESCALADA AV. 4347,VILLA SOLDATI,8,1,0-300 m,202,0.28228936414897915,715.5777923442905,715.5777923442905,1.0
19,Comisaria Vecinal 8-B,ESCALADA AV. 4347,VILLA SOLDATI,8,2,300-600 m,340,0.8468680924476529,401.47928943375115,715.5777923442905,0.561056105610087
19,Comisaria Vecinal 8-B,ESCALADA AV. 4347,VILLA SOLDATI,8,3,600-900 m,1283,1.4114468207453075,908.9963441360959,715.5777923442905,1.2702970297025997
19,Comisaria Vecinal 8-B,ESCALADA AV. 4347,VILLA SOLDATI,8,4,900-1200 m,1147,1.9760255490442793,580.4580819082809,715.5777923442905,0.8111739745397261
33,Comisaria Vecinal 12-C,JURAMENTO 4367,VILLA URQUIZA,12,1,0-300 m,649,0.28228936414897915,2299.059342729923,2299.059342729923,1.0
33,Comisaria Vecinal 12-C,JURAMENTO 4367,VILLA URQUIZA,12,2,300-600 m,2014,0.8468680924476529,2378.17437917522,2299.059342729923,1.034411915766974
33,Comisaria Vecinal 12-C,JURAMENTO 4367,VILLA URQUIZA,12,3,600-900 m,3163,1.4114468207453075,2240.962927905278,2299.059342729923,0.9747303543910871
33,Comisaria Vecinal 12-C,JURAMENTO 4367,VILLA URQUIZA,12,4,900-1200 m,5042,1.9760255490442793,2551.5864420065845,2299.059342729923,1.1098393132283435
48,Comisaria Comunal 7,"BONORINO, ESTEBAN, Cnel. AV. 258",FLORES,7,1,0-300 m,1735,0.28228936414897915,6146.175592660119,6146.175592660119,1.0
48,Comisaria Comunal 7,"BONORINO, ESTEBAN, Cnel. AV. 258",FLORES,7,2,300-600 m,5197,0.8468680924476529,6136.729021138838,6146.175592660119,0.9984630163296079
48,Comisaria Comunal 7,"BONORINO, ESTEBAN, Cnel. AV. 258",FLORES,7,3,600-900 m,8200,1.4114468207453075,5809.641482397496,6146.175592660119,0.9452449567720586
48,Comisaria Comunal 7,"BONORINO, ESTEBAN, Cnel. AV. 258",FLORES,7,4,900-1200 m,8757,1.9760255490442793,4431.622862485454,6146.175592660119,0.7210374639764251
49,Comisaria Vecinal 12-B,OLAZABAL AV. 5437,VILLA URQUIZA,12,1,0-300 m,797,0.28228936414897915,2823.3440618732648,2823.3440618732648,1.0
49,Comisaria Vecinal 12-B,OLAZABAL AV. 5437,VILLA URQUIZA,12,2,300-600 m,2230,0.8468680924476529,2633.2318101096034,2823.3440618732648,0.9326641572555903
49,Comisaria Vecinal 12-B,OLAZABAL AV. 5437,VILLA URQUIZA,12,3,600-900 m,4196,1.4114468207453075,2972.836056114621,2823.3440618732648,1.052948557088777
49,Comisaria Vecinal 12-B,OLAZABAL AV. 5437,VILLA URQUIZA,12,4,900-1200 m,4707,1.9760255490442793,2382.0542210481935,2823.3440618732648,0.8436995877391298
4,Comisaria Vecinal 1-B,TACUARI 770,MONSERRAT,1,1,0-300 m,2282,0.28228936414897915,8083.903574899361,8083.903574899361,1.0
4,Comisaria Vecinal 1-B,TACUARI 770,MONSERRAT,1,2,300-600 m,6637,0.8468680924476529,7837.111894034725,8083.903574899361,0.969471224071632
4,Comisaria Vecinal 1-B,TACUARI 770,MONSERRAT,1,3,600-900 m,11228,1.4114468207453075,7954.957873702327,8083.903574899361,0.9840490797543141
4,Comisaria Vecinal 1-B,TACUARI 770,MONSERRAT,1,4,900-1200 m,14808,1.9760255490442793,7493.830232692087,8083.903574899361,0.9270063853755677
20,Comisaria Vecinal 9-B,REMEDIOS 3748,PARQUE AVELLANEDA,9,1,0-300 m,847,0.28228936414897915,3000.4672778000695,3000.4672778000695,1.0
20,Comisaria Vecinal 9-B,REMEDIOS 3748,PARQUE AVELLANEDA,9,2,300-600 m,2352,0.8468680924476529,2777.2920257299493,3000.4672778000695,0.9256198347099618
20,Comisaria Vecinal 9-B,REMEDIOS 3748,PARQUE AVELLANEDA,9,3,600-900 m,3391,1.4114468207453075,2402.4993008304764,3000.4672778000695,0.8007083825263308
20,Comisaria Vecinal 9-B,REMEDIOS 3748,PARQUE AVELLANEDA,9,4,900-1200 m,5787,1.9760255490442793,2928.6058587647963,3000.4672778000695,0.9760499241011681
21,Comisaria Comunal 11,"BUFANO, ALFREDO R. 1800",VILLA GRAL. MITRE,11,1,0-300 m,590,0.28228936414897915,2090.053947936294,2090.053947936294,1.0
21,Comisaria Comunal 11,"BUFANO, ALFREDO R. 1800",VILLA GRAL. MITRE,11,2,300-600 m,2540,0.8468680924476529,2999.2864563580233,2090.053947936294,1.435028248586358
21,Comisaria Comunal 11,"BUFANO, ALFREDO R. 1800",VILLA GRAL. MITRE,11,3,600-900 m,4355,1.4114468207453075,3085.486421444036,2090.053947936294,1.4762711864402474
21,Comisaria Comunal 11,"BUFANO, ALFREDO R. 1800",VILLA GRAL. MITRE,11,4,900-1200 m,6286,1.9760255490442793,3181.1329580431157,2090.053947936294,1.5220338983039867
22,Comisaria Comunal 9,"DE LA TORRE, LISANDRO AV. 2343",MATADEROS,9,1,0-300 m,609,0.28228936414897915,2157.3607699884797,2157.3607699884797,1.0
22,Comisaria Comunal 9,"DE LA TORRE, LISANDRO AV. 2343",MATADEROS,9,2,300-600 m,1578,0.8468680924476529,1863.3362315484098,2157.3607699884797,0.8637110016413064
22,Comisaria Comunal 9,"DE LA TORRE, LISANDRO AV. 2343",MATADEROS,9,3,600-900 m,2073,1.4114468207453075,1468.705706464635,2157.3607699884797,0.6807881773397029
22,Comisaria Comunal 9,"DE LA TORRE, LISANDRO AV. 2343",MATADEROS,9,4,900-1200 m,5335,1.9760255490442793,2699.8638770537736,2157.3607699884797,1.2514661036819497
23,Comisaria Comunal 10,CHIVILCOY 453,FLORESTA,10,1,0-300 m,1105,0.28228936414897915,3914.4230719823813,3914.4230719823813,1.0
23,Comisaria Comunal 10,CHIVILCOY 453,FLORESTA,10,2,300-600 m,3664,0.8468680924476529,4326.529754368425,3914.4230719823813,1.1052790346898655
23,Comisaria Comunal 10,CHIVILCOY 453,FLORESTA,10,3,600-900 m,5150,1.4114468207453075,3648.73824809111,3914.4230719823813,0.9321266968323073
23,Comisaria Comunal 10,CHIVILCOY 453,FLORESTA,10,4,900-1200 m,6853,1.9760255490442793,3468.0725678443323,3914.4230719823813,0.885972850678094
50,Comisaria Vecinal 10-B,"PORCEL DE PERALTA, MANUEL 726",VERSALLES,10,1,0-300 m,457,0.28228936414897915,1618.9061935709938,1618.9061935709938,1.0
50,Comisaria Vecinal 10-B,"PORCEL DE PERALTA, MANUEL 726",VERSALLES,10,2,300-600 m,1354,0.8468680924476529,1598.8322290979386,1618.9061935709938,0.9876002917570067
50,Comisaria Vecinal 10-B,"PORCEL DE PERALTA, MANUEL 726",VERSALLES,10,3,600-900 m,3512,1.4114468207453075,2488.226937339025,1618.9061935709938,1.536980306345285
50,Comisaria Vecinal 10-B,"PORCEL DE PERALTA, MANUEL 726",VERSALLES,10,4,900-1200 m,2958,1.9760255490442793,1496.9442077460287,1618.9061935709938,0.9246639574860477
27,Comisaria Vecinal 11-B,"CUBAS, JOSE 4154",VILLA DEVOTO,11,1,0-300 m,457,0.28228936414897915,1618.9061935709938,1618.9061935709938,1.0
27,Comisaria Vecinal 11-B,"CUBAS, JOSE 4154",VILLA DEVOTO,11,2,300-600 m,1561,0.8468680924476529,1843.2622670767223,1618.9061935709938,1.138584974470227
27,Comisaria Vecinal 11-B,"CUBAS, JOSE 4154",VILLA DEVOTO,11,3,600-900 m,1898,1.4114468207453075,1344.7194553159081,1618.9061935709938,0.8306345733039153
27,Comisaria Vecinal 11-B,"CUBAS, JOSE 4154",VILLA DEVOTO,11,4,900-1200 m,2693,1.9760255490442793,1362.8366299729735,1618.9061935709938,0.8418255704901713
24,Comisaria Vecinal 11-B (edificio anexo),NAZCA 4254,VILLA PUEYRREDON,12,1,0-300 m,533,0.28228936414897915,1888.1334817797367,1888.1334817797367,1.0
24,Comisaria Vecinal 11-B (edificio anexo),NAZCA 4254,VILLA PUEYRREDON,12,2,300-600 m,1773,0.8468680924476529,2093.5964122530613,1888.1334817797367,1.1088180112560988
24,Comisaria Vecinal 11-B (edificio anexo),NAZCA 4254,VILLA PUEYRREDON,12,3,600-900 m,2974,1.4114468207453075,2107.0577766646525,1888.1334817797367,1.1159474671666538
24,Comisaria Vecinal 11-B (edificio anexo),NAZCA 4254,VILLA PUEYRREDON,12,4,900-1200 m,3638,1.9760255490442793,1841.0693129750007,1888.1334817797367,0.9750737067803206
25,Comisaria Vecinal 8-A,"LEGUIZAMON, MARTINIANO 4347",VILLA LUGANO,8,1,0-300 m,839,0.28228936414897915,2972.127563251781,2972.127563251781,1.0
25,Comisaria Vecinal 8-A,"LEGUIZAMON, MARTINIANO 4347",VILLA LUGANO,8,2,300-600 m,2163,0.8468680924476529,2554.1167736623643,2972.127563251781,0.8593563766381298
25,Comisaria Vecinal 8-A,"LEGUIZAMON, MARTINIANO 4347",VILLA LUGANO,8,3,600-900 m,3758,1.4114468207453075,2662.5161818109495,2972.127563251781,0.8958283671034335
25,Comisaria Vecinal 8-A,"LEGUIZAMON, MARTINIANO 4347",VILLA LUGANO,8,4,900-1200 m,8496,1.9760255490442793,4299.539550037275,2972.127563251781,1.446620125999297
26,Comisaria Vecinal 12-A,MACHAIN 3045,VILLA URQUIZA,12,1,0-300 m,746,0.28228936414897915,2642.6783816279244,2642.6783816279244,1.0
26,Comisaria Vecinal 12-A,MACHAIN 3045,VILLA URQUIZA,12,2,300-600 m,1778,0.8468680924476529,2099.5005194506166,2642.6783816279244,0.7944593386945924
26,Comisaria Vecinal 12-A,MACHAIN 3045,VILLA URQUIZA,12,3,600-900 m,3068,1.4114468207453075,2173.6561058531115,2642.6783816279244,0.8225201072383659
26,Comisaria Vecinal 12-A,MACHAIN 3045,VILLA URQUIZA,12,4,900-1200 m,4671,1.9760255490442793,2363.835833124307,2642.6783816279244,0.8944848716960228
5,Comisaria Comunal 3,LAVALLE 1958,BALVANERA,3,1,0-300 m,2763,0.28228936414897915,9787.828912115221,9787.828912115221,1.0
5,Comisaria Comunal 3,LAVALLE 1958,BALVANERA,3,2,300-600 m,10049,0.8468680924476529,11866.07464564637,9787.828912115221,1.212329593436061
5,Comisaria Comunal 3,LAVALLE 1958,BALVANERA,3,3,600-900 m,14462,1.4114468207453075,10246.223794930802,9787.828912115221,1.0468331523703063
5,Comisaria Comunal 3,LAVALLE 1958,BALVANERA,3,4,900-1200 m,20768,1.9760255490442793,10509.985566757783,9787.828912115221,1.0737810868096282
51,Comisaria Vecinal 7-C,GAONA AV. 2738,FLORES,7,1,0-300 m,1252,0.28228936414897915,4435.165326807187,4435.165326807187,1.0
51,Comisaria Vecinal 7-C,GAONA AV. 2738,FLORES,7,2,300-600 m,2657,0.8468680924476529,3137.4425647808143,4435.165326807187,0.7074014909472192
51,Comisaria Vecinal 7-C,GAONA AV. 2738,FLORES,7,3,600-900 m,4222,1.4114468207453075,2991.256870571003,4435.165326807187,0.6744408945684933
51,Comisaria Vecinal 7-C,GAONA AV. 2738,FLORES,7,4,900-1200 m,5406,1.9760255490442793,2735.794586570328,4435.165326807187,0.6168416248284003
52,Comisaria Comunal 13,ARTILLEROS 2081,BELGRANO,13,1,0-300 m,484,0.28228936414897915,1714.5527301714683,1714.5527301714683,1.0
52,Comisaria Comunal 13,ARTILLEROS 2081,BELGRANO,13,2,300-600 m,2365,0.8468680924476529,2792.6427044435927,1714.5527301714683,1.6287878787865027
52,Comisaria Comunal 13,ARTILLEROS 2081,BELGRANO,13,3,600-900 m,3530,1.4114468207453075,2500.979808885751,1714.5527301714683,1.4586776859499877
52,Comisaria Comunal 13,ARTILLEROS 2081,BELGRANO,13,4,900-1200 m,3892,1.9760255490442793,1969.6101611046463,1714.5527301714683,1.148760330577684
44,Comisaria Comunal 8,DIAZ ANA Y CAFAYATE,VILLA LUGANO,8,1,0-300 m,1283,0.28228936414897915,4544.981720681805,4544.981720681805,1.0
44,Comisaria Comunal 8,DIAZ ANA Y CAFAYATE,VILLA LUGANO,8,2,300-600 m,3214,0.8468680924476529,3795.1601065884597,4544.981720681805,0.8350220836573876
44,Comisaria Comunal 8,DIAZ ANA Y CAFAYATE,VILLA LUGANO,8,3,600-900 m,4993,1.4114468207453075,3537.504868489109,4544.981720681805,0.7783320342943949
44,Comisaria Comunal 8,DIAZ ANA Y CAFAYATE,VILLA LUGANO,8,4,900-1200 m,7083,1.9760255490442793,3584.46782402472,4544.981720681805,0.7886649593580772
53,Comisaria Comunal 14,REPUBLICA ARABE SIRIA 2961,PALERMO,14,1,0-300 m,1376,0.28228936414897915,4874.430902305662,4874.430902305662,1.0
53,Comisaria Comunal 14,REPUBLICA ARABE SIRIA 2961,PALERMO,14,2,300-600 m,3981,0.8468680924476529,4700.850150693422,4874.430902305662,0.9643895348829061
53,Comisaria Comunal 14,REPUBLICA ARABE SIRIA 2961,PALERMO,14,3,600-900 m,8628,1.4114468207453075,6112.876428064096,4874.430902305662,1.2540697674414945
53,Comisaria Comunal 14,REPUBLICA ARABE SIRIA 2961,PALERMO,14,4,900-1200 m,10243,1.9760255490442793,5183.637430677002,4874.430902305662,1.0634343853812929
54,Comisaria Vecinal 10-C,BASUALDO 165,VILLA LURO,10,1,0-300 m,897,0.28228936414897915,3177.5904937268742,3177.5904937268742,1.0
54,Comisaria Vecinal 10-C,BASUALDO 165,VILLA LURO,10,2,300-600 m,2168,0.8468680924476529,2560.020880859919,3177.5904937268742,0.8056484578216901
54,Comisaria Vecinal 10-C,BASUALDO 165,VILLA LURO,10,3,600-900 m,3037,1.4114468207453075,2151.692827078194,3177.5904937268742,0.6771460423632361
54,Comisaria Vecinal 10-C,BASUALDO 165,VILLA LURO,10,4,900-1200 m,4236,1.9760255490442793,2143.6969790440085,3177.5904937268742,0.6746297181074923
6,Comisaria Vecinal 3-A,LAVALLE 2625,BALVANERA,3,1,0-300 m,5779,0.28228936414897915,20471.901296820073,20471.901296820073,1.0
6,Comisaria Vecinal 3-A,LAVALLE 2625,BALVANERA,3,2,300-600 m,9783,0.8468680924476529,11551.976142736434,20471.901296820073,0.5642844782829632
6,Comisaria Vecinal 3-A,LAVALLE 2625,BALVANERA,3,3,600-900 m,18802,1.4114468207453075,13321.082823419232,20471.901296820073,0.6507008132893066
6,Comisaria Vecinal 3-A,LAVALLE 2625,BALVANERA,3,4,900-1200 m,20862,1.9760255490442793,10557.555801892377,20471.901296820073,0.5157095889052716
35,Comisaria Vecinal 3-A (edificio anexo),"URQUIZA, Gral. 544",BALVANERA,3,1,0-300 m,2093,0.28228936414897915,7414.37781869604,7414.37781869604,1.0
35,Comisaria Vecinal 3-A (edificio anexo),"URQUIZA, Gral. 544",BALVANERA,3,2,300-600 m,5094,0.8468680924476529,6015.104412869201,7414.37781869604,0.8112756808402127
35,Comisaria Vecinal 3-A (edificio anexo),"URQUIZA, Gral. 544",BALVANERA,3,3,600-900 m,8413,1.4114468207453075,5960.550462367089,7414.37781869604,0.8039178213088911
35,Comisaria Vecinal 3-A (edificio anexo),"URQUIZA, Gral. 544",BALVANERA,3,4,900-1200 m,17149,1.9760255490442793,8678.531514075945,7414.37781869604,1.1705003071454256
7,Comisaria Comunal 5,BILLINGHURST 471,ALMAGRO,5,1,0-300 m,3046,0.28228936414897915,10790.346314260934,10790.346314260934,1.0
7,Comisaria Comunal 5,BILLINGHURST 471,ALMAGRO,5,2,300-600 m,9961,0.8468680924476529,11762.162358969399,10790.346314260934,1.0900634712181643
7,Comisaria Comunal 5,BILLINGHURST 471,ALMAGRO,5,3,600-900 m,12635,1.4114468207453075,8951.807332938091,10790.346314260934,0.8296126066970659
7,Comisaria Comunal 5,BILLINGHURST 471,ALMAGRO,5,4,900-1200 m,21299,1.9760255490442793,10778.706788635112,10790.346314260934,0.998921301940936
56,Comisaria Comunal 12,RAMALLO 4398,SAAVEDRA,12,1,0-300 m,610,0.28228936414897915,2160.9032343070157,2160.9032343070157,1.0
56,Comisaria Comunal 12,RAMALLO 4398,SAAVEDRA,12,2,300-600 m,1896,0.8468680924476529,2238.837449312918,2160.9032343070157,1.0360655737696165
56,Comisaria Comunal 12,RAMALLO 4398,SAAVEDRA,12,3,600-900 m,2858,1.4114468207453075,2024.8726044746393,2160.9032343070157,0.9370491803275955
56,Comisaria Comunal 12,RAMALLO 4398,SAAVEDRA,12,4,900-1200 m,2642,1.9760255490442793,1337.0272470808004,2160.9032343070157,0.6187353629972118
57,Comisaria Comunal 15,GUZMAN 396,CHACARITA,15,1,0-300 m,1112,0.28228936414897915,3939.220322212134,3939.220322212134,1.0
57,Comisaria Comunal 15,GUZMAN 396,CHACARITA,15,2,300-600 m,2798,0.8468680924476529,3303.93838775187,3939.220322212134,0.8387290167858621
57,Comisaria Comunal 15,GUZMAN 396,CHACARITA,15,3,600-900 m,4740,1.4114468207453075,3358.256173971235,3939.220322212134,0.852517985611262
57,Comisaria Comunal 15,GUZMAN 396,CHACARITA,15,4,900-1200 m,6231,1.9760255490442793,3153.2993098260663,3939.220322212134,0.8004881808832869
55,Comisaria Comunal 4,ZAVALETA 425,PARQUE PATRICIOS,4,1,0-300 m,932,0.28228936414897915,3301.5767448756374,3301.5767448756374,1.0
55,Comisaria Comunal 4,ZAVALETA 425,PARQUE PATRICIOS,4,2,300-600 m,2224,0.8468680924476529,2626.146881472537,3301.5767448756374,0.7954220314728616
55,Comisaria Comunal 4,ZAVALETA 425,PARQUE PATRICIOS,4,3,600-900 m,4144,1.4114468207453075,2935.994427201856,3301.5767448756374,0.889270386265835
55,Comisaria Comunal 4,ZAVALETA 425,PARQUE PATRICIOS,4,4,900-1200 m,5564,1.9760255490442793,2815.7530669029425,3301.5767448756374,0.8528510116486798
