id,nombre,direccion,barrio,comuna,anillo,distancia,cantidad_delitos,area_km2,densidad,base,densidad_relativa
1,Comisaria Vecinal 1-D,LAVALLE 451,SAN NICOLAS,1,1,0-100 m,349,0.03136548490540953,11126.880424533427,11126.880424533427,1.0
1,Comisaria Vecinal 1-D,LAVALLE 451,SAN NICOLAS,1,2,100-200 m,1282,0.09409645471650507,13624.317769063935,11126.880424533427,1.2244508118397643
1,Comisaria Vecinal 1-D,LAVALLE 451,SAN NICOLAS,1,3,200-300 m,3324,0.15682742452706455,21195.272510684885,11126.880424533427,1.9048710601717145
1,Comisaria Vecinal 1-D,LAVALLE 451,SAN NICOLAS,1,4,300-400 m,3362,0.21955839433845675,15312.555050012628,11126.880424533427,1.376176831760526
1,Comisaria Vecinal 1-D,LAVALLE 451,SAN NICOLAS,1,5,400-500 m,3796,0.282289364148873,13447.19455316806,11126.880424533427,1.208532314548705
1,Comisaria Vecinal 1-D,LAVALLE 451,SAN NICOLAS,1,6,500-600 m,3337,0.3450203339603231,9671.89371622297,11126.880424533427,0.8692367804095039
37,Comisaria Vecinal 5-B,MUÑIZ 1250,BOEDO,5,1,0-100 m,136,0.03136548490540953,4335.976325892682,4335.976325892682,1.0
37,Comisaria Vecinal 5-B,MUÑIZ 1250,BOEDO,5,2,100-200 m,555,0.09409645471650507,5898.203090351391,4335.976325892682,1.3602941176430619
37,Comisaria Vecinal 5-B,MUÑIZ 1250,BOEDO,5,3,200-300 m,1045,0.15682742452706455,6663.375383172595,4335.976325892682,1.5367647058821874
37,Comisaria Vecinal 5-B,MUÑIZ 1250,BOEDO,5,4,300-400 m,1499,0.21955839433845675,6827.340874470235,4335.976325892682,1.5745798319285416
37,Comisaria Vecinal 5-B,MUÑIZ 1250,BOEDO,5,5,400-500 m,1248,0.282289364148873,4420.995469534704,4335.976325892682,1.0196078431365785
37,Comisaria Vecinal 5-B,MUÑIZ 1250,BOEDO,5,6,500-600 m,1694,0.3450203339603231,4909.855545484481,4335.976325892682,1.132352941173785
39,Comisaria Vecinal 6-A,DIAZ VELEZ AV. 5152,CABALLITO,6,1,0-100 m,349,0.03136548490540953,11126.880424533427,11126.880424533427,1.0
39,Comisaria Vecinal 6-A,DIAZ VELEZ AV. 5152,CABALLITO,6,2,100-200 m,827,0.09409645471650507,8788.853974271353,11126.880424533427,0.7898758357187871
39,Comisaria Vecinal 6-A,DIAZ VELEZ AV. 5152,CABALLITO,6,3,200-300 m,1083,0.15682742452706455,6905.67994256069,11126.880424533427,0.6206303724927699
39,Comisaria Vecinal 6-A,DIAZ VELEZ AV. 5152,CABALLITO,6,4,300-400 m,1227,0.21955839433845675,5588.490495647084,11126.880424533427,0.5022513303302099
39,Comisaria Vecinal 6-A,DIAZ VELEZ AV. 5152,CABALLITO,6,5,400-500 m,1316,0.282289364148873,4661.883043195249,11126.880424533427,0.4189748487739978
39,Comisaria Vecinal 6-A,DIAZ VELEZ AV. 5152,CABALLITO,6,6,500-600 m,1796,0.3450203339603231,5205.490294976463,11126.880424533427,0.46783016410412626
8,Comisaria Vecinal 7-B,VALLE 1454,CABALLITO,6,1,0-100 m,123,0.03136548490540953,3921.508000623529,3921.508000623529,1.0
8,Comisaria Vecinal 7-B,VALLE 1454,CABALLITO,6,2,100-200 m,529,0.09409645471650507,5621.890873506101,3921.508000623529,1.4336043360391482
8,Comisaria Vecinal 7-B,VALLE 1454,CABALLITO,6,3,200-300 m,852,0.15682742452706455,5432.723278912011,3921.508000623529,1.3853658536583873
8,Comisaria Vecinal 7-B,VALLE 1454,CABALLITO,6,4,300-400 m,1170,0.21955839433845675,5328.878467731938,3921.508000623529,1.358885017417951
8,Comisaria Vecinal 7-B,VALLE 1454,CABALLITO,6,5,400-500 m,1994,0.282289364148873,7063.673851163622,3921.508000623529,1.801264679312265
8,Comisaria Vecinal 7-B,VALLE 1454,CABALLITO,6,6,500-600 m,2122,0.3450203339603231,6150.362141392012,3921.508000623529,1.568366592753117
38,Comisaria Comunal 6,AVELLANEDA AV. 1548,CABALLITO,6,1,0-100 m,117,0.03136548490540953,3730.214927422381,3730.214927422381,1.0
38,Comisaria Comunal 6,AVELLANEDA AV. 1548,CABALLITO,6,2,100-200 m,143,0.09409645471650507,1519.7171926490973,3730.214927422381,0.40740740740621034
38,Comisaria Comunal 6,AVELLANEDA AV. 1548,CABALLITO,6,3,200-300 m,409,0.15682742452706455,2607.9622313086998,3730.214927422381,0.6991452991452237
38,Comisaria Comunal 6,AVELLANEDA AV. 1548,CABALLITO,6,4,300-400 m,620,0.21955839433845675,2823.85012819983,3730.214927422381,0.7570207570187225
38,Comisaria Comunal 6,AVELLANEDA AV. 1548,CABALLITO,6,5,400-500 m,742,0.282289364148873,2628.5085243547683,3730.214927422381,0.7046533713195706
38,Comisaria Comunal 6,AVELLANEDA AV. 1548,CABALLITO,6,6,500-600 m,1043,0.3450203339603231,3023.010232550362,3730.214927422381,0.8104118104098883
10,Comisaria Comunal 1,SUIPACHA 1156,RETIRO,1,1,0-100 m,454,0.03136548490540953,14474.509205553513,14474.509205553513,1.0
10,Comisaria Comunal 1,SUIPACHA 1156,RETIRO,1,2,100-200 m,887,0.09409645471650507,9426.497551606639,14474.509205553513,0.65124816446211
10,Comisaria Comunal 1,SUIPACHA 1156,RETIRO,1,3,200-300 m,1401,0.15682742452706455,8933.386518492636,14474.509205553513,0.6171806167400216
10,Comisaria Comunal 1,SUIPACHA 1156,RETIRO,1,4,300-400 m,1357,0.21955839433845675,6180.588103172854,14474.509205553513,0.4269981120189909
10,Comisaria Comunal 1,SUIPACHA 1156,RETIRO,1,5,400-500 m,1902,0.282289364148873,6737.7671338581795,14474.509205553513,0.46549192364139463
10,Comisaria Comunal 1,SUIPACHA 1156,RETIRO,1,6,500-600 m,2605,0.3450203339603231,7550.279631633455,14474.509205553513,0.5216259511401325
43,Comisaria Vecinal 1-C (edificio anexo),SAN JOSE 1224,CONSTITUCION,1,1,0-100 m,385,0.03136548490540953,12274.638863740314,12274.638863740314,1.0
43,Comisaria Vecinal 1-C (edificio anexo),SAN JOSE 1224,CONSTITUCION,1,2,100-200 m,976,0.09409645471650507,10372.33552465398,12274.638863740314,0.8450216450191621
43,Comisaria Vecinal 1-C (edificio anexo),SAN JOSE 1224,CONSTITUCION,1,3,200-300 m,1530,0.15682742452706455,9755.946733257484,12274.638863740314,0.7948051948051091
43,Comisaria Vecinal 1-C (edificio anexo),SAN JOSE 1224,CONSTITUCION,1,4,300-400 m,1551,0.21955839433845675,7064.179917480543,12274.638863740314,0.575510204080086
43,Comisaria Vecinal 1-C (edificio anexo),SAN JOSE 1224,CONSTITUCION,1,5,400-500 m,2366,0.282289364148873,8381.470577659544,12274.638863740314,0.6828282828278299
43,Comisaria Vecinal 1-C (edificio anexo),SAN JOSE 1224,CONSTITUCION,1,6,500-600 m,3057,0.3450203339603231,8860.34734506851,12274.638863740314,0.7218417945673552
11,Comisaria Comunal 2,LAS HERAS GENERAL AV. 1861,RECOLETA,2,1,0-100 m,429,0.03136548490540953,13677.454733882063,13677.454733882063,1.0
11,Comisaria Comunal 2,LAS HERAS GENERAL AV. 1861,RECOLETA,2,2,100-200 m,658,0.09409645471650507,6992.824564776965,13677.454733882063,0.5112665112650091
11,Comisaria Comunal 2,LAS HERAS GENERAL AV. 1861,RECOLETA,2,3,200-300 m,1163,0.15682742452706455,7415.794804430362,13677.454733882063,0.5421911421910838
11,Comisaria Comunal 2,LAS HERAS GENERAL AV. 1861,RECOLETA,2,4,300-400 m,1802,0.21955839433845675,8207.383759703378,13677.454733882063,0.6000666000649875
11,Comisaria Comunal 2,LAS HERAS GENERAL AV. 1861,RECOLETA,2,5,400-500 m,1609,0.282289364148873,5699.825088526714,13677.454733882063,0.41673141673114034
11,Comisaria Comunal 2,LAS HERAS GENERAL AV. 1861,RECOLETA,2,6,500-600 m,2106,0.3450203339603231,6103.988063040329,13677.454733882063,0.44628099173447877
42,Comisaria Vecinal 1-C,SAN JUAN AV. 1757,CONSTITUCION,1,1,0-100 m,759,0.03136548490540953,24198.57375994519,24198.57375994519,1.0
42,Comisaria Vecinal 1-C,SAN JUAN AV. 1757,CONSTITUCION,1,2,100-200 m,966,0.09409645471650507,10266.061595098097,24198.57375994519,0.4242424242411777
42,Comisaria Vecinal 1-C,SAN JUAN AV. 1757,CONSTITUCION,1,3,200-300 m,1740,0.15682742452706455,11094.998245665374,24198.57375994519,0.45849802371536563
42,Comisaria Vecinal 1-C,SAN JUAN AV. 1757,CONSTITUCION,1,4,300-400 m,1887,0.21955839433845675,8594.524503085613,24198.57375994519,0.35516657255692247
42,Comisaria Vecinal 1-C,SAN JUAN AV. 1757,CONSTITUCION,1,5,400-500 m,1273,0.282289364148873,4509.55707749814,24198.57375994519,0.18635631679097578
42,Comisaria Vecinal 1-C,SAN JUAN AV. 1757,CONSTITUCION,1,6,500-600 m,1724,0.3450203339603231,4996.806942393887,24198.57375994519,0.206491795424112
29,Comisaria Vecinal 2-B,CHARCAS 2844,RECOLETA,2,1,0-100 m,260,0.03136548490540953,8289.366505383068,8289.366505383068,1.0
29,Comisaria Vecinal 2-B,CHARCAS 2844,RECOLETA,2,2,100-200 m,719,0.09409645471650507,7641.095535067839,8289.366505383068,0.9217948717921634
29,Comisaria Vecinal 2-B,CHARCAS 2844,RECOLETA,2,3,200-300 m,1575,0.15682742452706455,10042.886343059174,8289.366505383068,1.2115384615383311
29,Comisaria Vecinal 2-B,CHARCAS 2844,RECOLETA,2,4,300-400 m,2705,0.21955839433845675,12320.184833517002,8289.366505383068,1.4862637362597422
29,Comisaria Vecinal 2-B,CHARCAS 2844,RECOLETA,2,5,400-500 m,3996,0.282289364148873,14155.687416875544,8289.366505383068,1.7076923076911752
29,Comisaria Vecinal 2-B,CHARCAS 2844,RECOLETA,2,6,500-600 m,3590,0.3450203339603231,10405.183830158965,8289.366505383068,1.2552447552417783
2,Comisaria Vecinal 1-B (edificio anexo),PERU 1056,SAN TELMO,1,1,0-100 m,332,0.03136548490540953,10584.883383796841,10584.883383796841,1.0
2,Comisaria Vecinal 1-B (edificio anexo),PERU 1056,SAN TELMO,1,2,100-200 m,1004,0.09409645471650507,10669.902527410446,10584.883383796841,1.0080321285110945
2,Comisaria Vecinal 1-B (edificio anexo),PERU 1056,SAN TELMO,1,3,200-300 m,2152,0.15682742452706455,13722.089784294187,10584.883383796841,1.296385542168535
2,Comisaria Vecinal 1-B (edificio anexo),PERU 1056,SAN TELMO,1,4,300-400 m,1932,0.21955839433845675,8799.48136722915,10584.883383796841,0.8313253012025853
2,Comisaria Vecinal 1-B (edificio anexo),PERU 1056,SAN TELMO,1,5,400-500 m,2174,0.282289364148873,7701.317428500359,10584.883383796841,0.7275769745644438
2,Comisaria Vecinal 1-B (edificio anexo),PERU 1056,SAN TELMO,1,6,500-600 m,2108,0.3450203339603231,6109.784822834289,10584.883383796841,0.5772179627587625
41,Comisaria Vecinal 3-B,CATAMARCA 1345,SAN CRISTOBAL,3,1,0-100 m,167,0.03136548490540953,5324.323870765279,5324.323870765279,1.0
41,Comisaria Vecinal 3-B,CATAMARCA 1345,SAN CRISTOBAL,3,2,100-200 m,527,0.09409645471650507,5600.636087594925,5324.323870765279,1.0518962075817395
41,Comisaria Vecinal 3-B,CATAMARCA 1345,SAN CRISTOBAL,3,3,200-300 m,871,0.15682742452706455,5553.875558606058,5324.323870765279,1.0431137724549775
41,Comisaria Vecinal 3-B,CATAMARCA 1345,SAN CRISTOBAL,3,4,300-400 m,1514,0.21955839433845675,6895.659829184747,5324.323870765279,1.295124037635527
41,Comisaria Vecinal 3-B,CATAMARCA 1345,SAN CRISTOBAL,3,5,400-500 m,2035,0.282289364148873,7208.914888223657,5324.323870765279,1.3539587491674319
41,Comisaria Vecinal 3-B,CATAMARCA 1345,SAN CRISTOBAL,3,6,500-600 m,1617,0.3450203339603231,4686.680293417005,5324.323870765279,0.8802395209559962
34,Comisaria Vecinal 14-A,"ALVAREZ, JULIAN 2373",PALERMO,14,1,0-100 m,172,0.03136548490540953,5483.734765099569,5483.734765099569,1.0
34,Comisaria Vecinal 14-A,"ALVAREZ, JULIAN 2373",PALERMO,14,2,100-200 m,933,0.09409645471650507,9915.357627563691,5483.734765099569,1.8081395348784082
34,Comisaria Vecinal 14-A,"ALVAREZ, JULIAN 2373",PALERMO,14,3,200-300 m,1714,0.15682742452706455,10929.210915557731,5483.734765099569,1.9930232558137388
34,Comisaria Vecinal 14-A,"ALVAREZ, JULIAN 2373",PALERMO,14,4,300-400 m,2771,0.21955839433845675,12620.788234260854,5483.734765099569,2.3014950166051102
34,Comisaria Vecinal 14-A,"ALVAREZ, JULIAN 2373",PALERMO,14,5,400-500 m,3128,0.282289364148873,11080.82838838506,5483.734765099569,2.0206718346239825
34,Comisaria Vecinal 14-A,"ALVAREZ, JULIAN 2373",PALERMO,14,6,500-600 m,2994,0.3450203339603231,8677.749411558758,5483.734765099569,1.5824524312858874
40,Comisaria Vecinal 1-E,"HUERGO, ING. AV. 1500",PUERTO MADERO,1,1,0-100 m,55,0.03136548490540953,1753.5198376771875,1753.5198376771875,1.0
40,Comisaria Vecinal 1-E,"HUERGO, ING. AV. 1500",PUERTO MADERO,1,2,100-200 m,161,0.09409645471650507,1711.010265849683,1753.5198376771875,0.9757575757547088
40,Comisaria Vecinal 1-E,"HUERGO, ING. AV. 1500",PUERTO MADERO,1,3,200-300 m,203,0.15682742452706455,1294.4164619942935,1753.5198376771875,0.7381818181817387
40,Comisaria Vecinal 1-E,"HUERGO, ING. AV. 1500",PUERTO MADERO,1,4,300-400 m,581,0.21955839433845675,2646.220845942099,1753.5198376771875,1.5090909090868536
40,Comisaria Vecinal 1-E,"HUERGO, ING. AV. 1500",PUERTO MADERO,1,5,400-500 m,906,0.282289364148873,3209.472672594906,1753.5198376771875,1.8303030303018166
40,Comisaria Vecinal 1-E,"HUERGO, ING. AV. 1500",PUERTO MADERO,1,6,500-600 m,1346,0.3450203339603231,3901.2193413353666,1753.5198376771875,2.2247933884244757
12,Comisaria Vecinal 4-C,PINZON 456,BOCA,4,1,0-100 m,184,0.03136548490540953,5866.320911501864,5866.320911501864,1.0
12,Comisaria Vecinal 4-C,PINZON 456,BOCA,4,2,100-200 m,715,0.09409645471650507,7598.585963245487,5866.320911501864,1.2952898550686578
12,Comisaria Vecinal 4-C,PINZON 456,BOCA,4,3,200-300 m,1362,0.15682742452706455,8684.705523331171,5866.320911501864,1.480434782608536
12,Comisaria Vecinal 4-C,PINZON 456,BOCA,4,4,300-400 m,1484,0.21955839433845675,6759.021919755723,5866.320911501864,1.1521739130403819
12,Comisaria Vecinal 4-C,PINZON 456,BOCA,4,5,400-500 m,1809,0.282289364148873,6408.317952234199,5866.320911501864,1.0923913043471014
12,Comisaria Vecinal 4-C,PINZON 456,BOCA,4,6,500-600 m,1666,0.3450203339603231,4828.700908369035,5866.320911501864,0.8231225296423165
13,Comisaria Vecinal 4-D (edificio anexo),"MONTES DE OCA, MANUEL 861",BARRACAS,4,1,0-100 m,405,0.03136548490540953,12912.282441077472,12912.282441077472,1.0
13,Comisaria Vecinal 4-D (edificio anexo),"MONTES DE OCA, MANUEL 861",BARRACAS,4,2,100-200 m,548,0.09409645471650507,5823.811339662275,12912.282441077472,0.4510288065830369
13,Comisaria Vecinal 4-D (edificio anexo),"MONTES DE OCA, MANUEL 861",BARRACAS,4,3,200-300 m,843,0.15682742452706455,5375.335356951672,12912.282441077472,0.4162962962962514
13,Comisaria Vecinal 4-D (edificio anexo),"MONTES DE OCA, MANUEL 861",BARRACAS,4,4,300-400 m,1328,0.21955839433845675,6048.504790724798,12912.282441077472,0.46843033509574294
13,Comisaria Vecinal 4-D (edificio anexo),"MONTES DE OCA, MANUEL 861",BARRACAS,4,5,400-500 m,1039,0.282289364148873,3680.620426960383,12912.282441077472,0.2850480109737479
13,Comisaria Vecinal 4-D (edificio anexo),"MONTES DE OCA, MANUEL 861",BARRACAS,4,6,500-600 m,1383,0.3450203339603231,4008.459397523635,12912.282441077472,0.3104377104369742
45,Comisaria Vecinal 15-B,CAMARGO 645,VILLA CRESPO,15,1,0-100 m,166,0.03136548490540953,5292.441691898421,5292.441691898421,1.0
45,Comisaria Vecinal 15-B,CAMARGO 645,VILLA CRESPO,15,2,100-200 m,1335,0.09409645471650507,14187.569595710103,5292.441691898421,2.6807228915583883
45,Comisaria Vecinal 15-B,CAMARGO 645,VILLA CRESPO,15,3,200-300 m,1312,0.15682742452706455,8365.883734662626,5292.441691898421,1.5807228915660947
45,Comisaria Vecinal 15-B,CAMARGO 645,VILLA CRESPO,15,4,300-400 m,1332,0.21955839433845675,6066.723178648667,5292.441691898421,1.1462994836458007
45,Comisaria Vecinal 15-B,CAMARGO 645,VILLA CRESPO,15,5,400-500 m,1755,0.282289364148873,6217.024879033178,5292.441691898421,1.1746987951799437
45,Comisaria Vecinal 15-B,CAMARGO 645,VILLA CRESPO,15,6,500-600 m,1830,0.3450203339603231,5304.03521147379,5292.441691898421,1.0021905805014566
3,Comisaria Vecinal 1-A,TUCUMAN 1560,SAN NICOLAS,1,1,0-100 m,276,0.03136548490540953,8799.481367252796,8799.481367252796,1.0
3,Comisaria Vecinal 1-A,TUCUMAN 1560,SAN NICOLAS,1,2,100-200 m,932,0.09409645471650507,9904.730234608103,8799.481367252796,1.1256038647309923
3,Comisaria Vecinal 1-A,TUCUMAN 1560,SAN NICOLAS,1,3,200-300 m,1414,0.15682742452706455,9016.28018354646,8799.481367252796,1.02463768115931
3,Comisaria Vecinal 1-A,TUCUMAN 1560,SAN NICOLAS,1,4,300-400 m,3502,0.21955839433845675,15950.198627348074,8799.481367252796,1.81262939958105
3,Comisaria Vecinal 1-A,TUCUMAN 1560,SAN NICOLAS,1,5,400-500 m,3094,0.282289364148873,10960.384601554788,8799.481367252796,1.2455716586143106
3,Comisaria Vecinal 1-A,TUCUMAN 1560,SAN NICOLAS,1,6,500-600 m,3353,0.3450203339603231,9718.267794574655,8799.481367252796,1.1044137022371698
15,Comisaria Vecinal 4-D,CALIFORNIA 1850,BARRACAS,4,1,0-100 m,246,0.03136548490540953,7843.016001247058,7843.016001247058,1.0
15,Comisaria Vecinal 4-D,CALIFORNIA 1850,BARRACAS,4,2,100-200 m,413,0.09409645471650507,4389.113290657882,7843.016001247058,0.5596205962043177
15,Comisaria Vecinal 4-D,CALIFORNIA 1850,BARRACAS,4,3,200-300 m,738,0.15682742452706455,4705.809600747727,7843.016001247058,0.5999999999999353
15,Comisaria Vecinal 4-D,CALIFORNIA 1850,BARRACAS,4,4,300-400 m,1083,0.21955839433845675,4932.6285303877685,7843.016001247058,0.6289198606254875
15,Comisaria Vecinal 4-D,CALIFORNIA 1850,BARRACAS,4,5,400-500 m,995,0.282289364148873,3524.751996944736,7843.016001247058,0.44941282746130984
15,Comisaria Vecinal 4-D,CALIFORNIA 1850,BARRACAS,4,6,500-600 m,1116,0.3450203339603231,3234.591965029918,7843.016001247058,0.4124168514402636
32,Comisaria Vecinal 14-B,CABILDO AV. 232,PALERMO,14,1,0-100 m,192,0.03136548490540953,6121.3783424367275,6121.3783424367275,1.0
32,Comisaria Vecinal 14-B,CABILDO AV. 232,PALERMO,14,2,100-200 m,369,0.09409645471650507,3921.508000612006,6121.3783424367275,0.6406249999981176
32,Comisaria Vecinal 14-B,CABILDO AV. 232,PALERMO,14,3,200-300 m,583,0.15682742452706455,3717.462055875237,6121.3783424367275,0.6072916666666013
32,Comisaria Vecinal 14-B,CABILDO AV. 232,PALERMO,14,4,300-400 m,540,0.21955839433845675,2459.482369722433,6121.3783424367275,0.40178571428463455
32,Comisaria Vecinal 14-B,CABILDO AV. 232,PALERMO,14,5,400-500 m,1197,0.282289364148873,4240.329789289296,6121.3783424367275,0.692708333332874
32,Comisaria Vecinal 14-B,CABILDO AV. 232,PALERMO,14,6,500-600 m,1543,0.3450203339603231,4472.200181040469,6121.3783424367275,0.7305871212103886
17,Comisaria Vecinal 13-C,MENDOZA 2263,BELGRANO,13,1,0-100 m,247,0.03136548490540953,7874.898180113915,7874.898180113915,1.0
17,Comisaria Vecinal 13-C,MENDOZA 2263,BELGRANO,13,2,100-200 m,838,0.09409645471650507,8905.755296782821,7874.898180113915,1.1309041835324396
17,Comisaria Vecinal 13-C,MENDOZA 2263,BELGRANO,13,3,200-300 m,2646,0.15682742452706455,16872.049056339412,7874.898180113915,2.142510121457259
17,Comisaria Vecinal 13-C,MENDOZA 2263,BELGRANO,13,4,300-400 m,1937,0.21955839433845675,8822.254352133987,7874.898180113915,1.1203007518766888
17,Comisaria Vecinal 13-C,MENDOZA 2263,BELGRANO,13,5,400-500 m,2140,0.282289364148873,7580.873641670086,7874.898180113915,0.9626630679255873
17,Comisaria Vecinal 13-C,MENDOZA 2263,BELGRANO,13,6,500-600 m,2290,0.3450203339603231,6637.289964084688,7874.898180113915,0.8428413691551597
47,Comisaria Vecinal 4-B,QUILMES 456,NUEVA POMPEYA,4,1,0-100 m,179,0.03136548490540953,5706.910017167575,5706.910017167575,1.0
47,Comisaria Vecinal 4-B,QUILMES 456,NUEVA POMPEYA,4,2,100-200 m,463,0.09409645471650507,4920.482938437287,5706.910017167575,0.8621973929211165
47,Comisaria Vecinal 4-B,QUILMES 456,NUEVA POMPEYA,4,3,200-300 m,529,0.15682742452706455,3373.1345241132085,5706.910017167575,0.5910614525139027
47,Comisaria Vecinal 4-B,QUILMES 456,NUEVA POMPEYA,4,4,300-400 m,927,0.21955839433845675,4222.111401356843,5706.910017167575,0.739824421386679
47,Comisaria Vecinal 4-B,QUILMES 456,NUEVA POMPEYA,4,5,400-500 m,1165,0.282289364148873,4126.970931096098,5706.910017167575,0.7231533209182043
47,Comisaria Vecinal 4-B,QUILMES 456,NUEVA POMPEYA,4,6,500-600 m,1217,0.3450203339603231,3527.328334624919,5706.910017167575,0.6180802437771019
18,Comisaria Vecinal 13-B,CUBA 3145,NUÑEZ,13,1,0-100 m,124,0.03136548490540953,3953.390179490387,3953.390179490387,1.0
18,Comisaria Vecinal 13-B,CUBA 3145,NUÑEZ,13,2,100-200 m,433,0.09409645471650507,4601.661149769644,3953.390179490387,1.1639784946202358
18,Comisaria Vecinal 13-B,CUBA 3145,NUÑEZ,13,3,200-300 m,822,0.15682742452706455,5241.4302057108835,3953.390179490387,1.3258064516127603
18,Comisaria Vecinal 13-B,CUBA 3145,NUÑEZ,13,4,300-400 m,1237,0.21955839433845675,5634.036465456758,3953.390179490387,1.425115207369442
18,Comisaria Vecinal 13-B,CUBA 3145,NUÑEZ,13,5,400-500 m,1344,0.282289364148873,4761.072044114297,3953.390179490387,1.2043010752680183
18,Comisaria Vecinal 13-B,CUBA 3145,NUÑEZ,13,6,500-600 m,2124,0.3450203339603231,6156.158901185972,3953.390179490387,1.5571847507294447
19,Comisaria Vecinal 8-B,ESCALADA AV. 4347,VILLA SOLDATI,8,1,0-100 m,57,0.03136548490540953,1817.2841954109035,1817.2841954109035,1.0
19,Comisaria Vecinal 8-B,ESCALADA AV. 4347,VILLA SOLDATI,8,2,100-200 m,66,0.09409645471650507,701.4079350688141,1817.2841954109035,0.3859649122795677
19,Comisaria Vecinal 8-B,ESCALADA AV. 4347,VILLA SOLDATI,8,3,200-300 m,138,0.15682742452706455,879.9481367251848,1817.2841954109035,0.4842105263157373
19,Comisaria Vecinal 8-B,ESCALADA AV. 4347,VILLA SOLDATI,8,4,300-400 m,85,0.21955839433845675,387.1407433822348,1817.2841954109035,0.2130325814530616
19,Comisaria Vecinal 8-B,ESCALADA AV. 4347,VILLA SOLDATI,8,5,400-500 m,79,0.282289364148873,279.85468116445645,1817.2841954109035,0.15399610136442027
19,Comisaria Vecinal 8-B,ESCALADA AV. 4347,VILLA SOLDATI,8,6,500-600 m,315,0.3450203339603231,912.9896675487671,1817.2841954109035,0.5023923444964161
33,Comisaria Vecinal 12-C,JURAMENTO 4367,VILLA URQUIZA,12,1,0-100 m,69,0.03136548490540953,2199.870341813199,2199.870341813199,1.0
33,Comisaria Vecinal 12-C,JURAMENTO 4367,VILLA URQUIZA,12,2,100-200 m,190,0.09409645471650507,2019.2046615617376,2199.870341813199,0.9178743961325687
33,Comisaria Vecinal 12-C,JURAMENTO 4367,VILLA URQUIZA,12,3,200-300 m,483,0.15682742452706455,3079.818478538147,2199.870341813199,1.3999999999998491
33,Comisaria Vecinal 12-C,JURAMENTO 4367,VILLA URQUIZA,12,4,300-400 m,575,0.21955839433845675,2618.8932640562944,2199.870341813199,1.1904761904729912
33,Comisaria Vecinal 12-C,JURAMENTO 4367,VILLA URQUIZA,12,5,400-500 m,834,0.282289364148873,2954.415241660211,2199.870341813199,1.3429951690812347
33,Comisaria Vecinal 12-C,JURAMENTO 4367,VILLA URQUIZA,12,6,500-600 m,957,0.3450203339603231,2773.749561410064,2199.870341813199,1.260869565214401
48,Comisaria Comunal 7,"BONORINO, ESTEBAN, Cnel. AV. 258",FLORES,7,1,0-100 m,283,0.03136548490540953,9022.656619320802,9022.656619320802,1.0
48,Comisaria Comunal 7,"BONORINO, ESTEBAN, Cnel. AV. 258",FLORES,7,2,100-200 m,555,0.09409645471650507,5898.203090351391,9022.656619320802,0.6537102473479025
48,Comisaria Comunal 7,"BONORINO, ESTEBAN, Cnel. AV. 258",FLORES,7,3,200-300 m,1161,0.15682742452706455,7403.04193288362,9022.656619320802,0.8204946996465546
48,Comisaria Comunal 7,"BONORINO, ESTEBAN, Cnel. AV. 258",FLORES,7,4,300-400 m,1484,0.21955839433845675,6759.021919755723,9022.656619320802,0.7491166077718384
48,Comisaria Comunal 7,"BONORINO, ESTEBAN, Cnel. AV. 258",FLORES,7,5,400-500 m,2012,0.282289364148873,7127.438208897296,9022.656619320802,0.7899489595597431
48,Comisaria Comunal 7,"BONORINO, ESTEBAN, Cnel. AV. 258",FLORES,7,6,500-600 m,2467,0.3450203339603231,7150.303205850186,9022.656619320802,0.7924831352374395
49,Comisaria Vecinal 12-B,OLAZABAL AV. 5437,VILLA URQUIZA,12,1,0-100 m,118,0.03136548490540953,3762.097106289239,3762.097106289239,1.0
49,Comisaria Vecinal 12-B,OLAZABAL AV. 5437,VILLA URQUIZA,12,2,100-200 m,267,0.09409645471650507,2837.5139191420208,3762.097106289239,0.7542372881333771
49,Comisaria Vecinal 12-B,OLAZABAL AV. 5437,VILLA URQUIZA,12,3,200-300 m,520,0.15682742452706455,3315.7466021528703,3762.097106289239,0.8813559322032949
49,Comisaria Vecinal 12-B,OLAZABAL AV. 5437,VILLA URQUIZA,12,4,300-400 m,446,0.21955839433845675,2031.3502535114908,3762.097106289239,0.5399515738484278
49,Comisaria Vecinal 12-B,OLAZABAL AV. 5437,VILLA URQUIZA,12,5,400-500 m,1056,0.282289364148873,3740.842320375519,3762.097106289239,0.9943502824852162
49,Comisaria Vecinal 12-B,OLAZABAL AV. 5437,VILLA URQUIZA,12,6,500-600 m,1086,0.3450203339603231,3147.6405681205115,3762.097106289239,0.8366718027715134
4,Comisaria Vecinal 1-B,TACUARI 770,MONSERRAT,1,1,0-100 m,239,0.03136548490540953,7619.840749179052,7619.840749179052,1.0
4,Comisaria Vecinal 1-B,TACUARI 770,MONSERRAT,1,2,100-200 m,860,0.09409645471650507,9139.55794180576,7619.840749179052,1.1994421199406877
4,Comisaria Vecinal 1-B,TACUARI 770,MONSERRAT,1,3,200-300 m,1493,0.15682742452706455,9520.01860964276,7619.840749179052,1.249372384937104
4,Comisaria Vecinal 1-B,TACUARI 770,MONSERRAT,1,4,300-400 m,2127,0.21955839433845675,9687.627778517804,7619.840749179052,1.2713687985620346
4,Comisaria Vecinal 1-B,TACUARI 770,MONSERRAT,1,5,400-500 m,1460,0.282289364148873,5171.997905064638,7619.840749179052,0.6787540678749565
4,Comisaria Vecinal 1-B,TACUARI 770,MONSERRAT,1,6,500-600 m,1880,0.3450203339603231,5448.954206322801,7619.840749179052,0.7151007987811112
20,Comisaria Vecinal 9-B,REMEDIOS 3748,PARQUE AVELLANEDA,9,1,0-100 m,136,0.03136548490540953,4335.976325892682,4335.976325892682,1.0
20,Comisaria Vecinal 9-B,REMEDIOS 3748,PARQUE AVELLANEDA,9,2,100-200 m,254,0.09409645471650507,2699.3578107193757,4335.976325892682,0.6225490196060139
20,Comisaria Vecinal 9-B,REMEDIOS 3748,PARQUE AVELLANEDA,9,3,200-300 m,566,0.15682742452706455,3609.062647727932,4335.976325892682,0.8323529411763809
20,Comisaria Vecinal 9-B,REMEDIOS 3748,PARQUE AVELLANEDA,9,4,300-400 m,755,0.21955839433845675,3438.7207206304383,4335.976325892682,0.793067226888625
20,Comisaria Vecinal 9-B,REMEDIOS 3748,PARQUE AVELLANEDA,9,5,400-500 m,942,0.282289364148873,3337.0013880622528,4335.976325892682,0.7696078431367444
20,Comisaria Vecinal 9-B,REMEDIOS 3748,PARQUE AVELLANEDA,9,6,500-600 m,914,0.3450203339603231,2649.1192258399146,4335.976325892682,0.6109625668434707
21,Comisaria Comunal 11,"BUFANO, ALFREDO R. 1800",VILLA GRAL. MITRE,11,1,0-100 m,77,0.03136548490540953,2454.9277727480626,2454.9277727480626,1.0
21,Comisaria Comunal 11,"BUFANO, ALFREDO R. 1800",VILLA GRAL. MITRE,11,2,100-200 m,242,0.09409645471650507,2571.8290952523184,2454.9277727480626,1.0476190476159695
21,Comisaria Comunal 11,"BUFANO, ALFREDO R. 1800",VILLA GRAL. MITRE,11,3,200-300 m,330,0.15682742452706455,2104.2238052123985,2454.9277727480626,0.8571428571427648
21,Comisaria Comunal 11,"BUFANO, ALFREDO R. 1800",VILLA GRAL. MITRE,11,4,300-400 m,811,0.21955839433845675,3693.7781515646166,2454.9277727480626,1.5046382189198897
21,Comisaria Comunal 11,"BUFANO, ALFREDO R. 1800",VILLA GRAL. MITRE,11,5,400-500 m,910,0.282289364148873,3223.642529869055,2454.9277727480626,1.313131313130442
21,Comisaria Comunal 11,"BUFANO, ALFREDO R. 1800",VILLA GRAL. MITRE,11,6,500-600 m,1168,0.3450203339603231,3385.3077196728887,2454.9277727480626,1.378984651708654
22,Comisaria Comunal 9,"DE LA TORRE, LISANDRO AV. 2343",MATADEROS,9,1,0-100 m,107,0.03136548490540953,3411.3931387538014,3411.3931387538014,1.0
22,Comisaria Comunal 9,"DE LA TORRE, LISANDRO AV. 2343",MATADEROS,9,2,100-200 m,344,0.09409645471650507,3655.8231767223037,3411.3931387538014,1.0716510903395302
22,Comisaria Comunal 9,"DE LA TORRE, LISANDRO AV. 2343",MATADEROS,9,3,200-300 m,254,0.15682742452706455,1619.6146864362097,3411.3931387538014,0.47476635514013577
22,Comisaria Comunal 9,"DE LA TORRE, LISANDRO AV. 2343",MATADEROS,9,4,300-400 m,593,0.21955839433845675,2700.8760097137088,3411.3931387538014,0.791722296393066
22,Comisaria Comunal 9,"DE LA TORRE, LISANDRO AV. 2343",MATADEROS,9,5,400-500 m,502,0.282289364148873,1778.3170879057866,3411.3931387538014,0.5212876427826242
22,Comisaria Comunal 9,"DE LA TORRE, LISANDRO AV. 2343",MATADEROS,9,6,500-600 m,667,0.3450203339603231,1933.2193912858022,3411.3931387538014,0.5666949872543909
23,Comisaria Comunal 10,CHIVILCOY 453,FLORESTA,10,1,0-100 m,197,0.03136548490540953,6280.789236771017,6280.789236771017,1.0
23,Comisaria Comunal 10,CHIVILCOY 453,FLORESTA,10,2,100-200 m,483,0.09409645471650507,5133.030797549049,6280.789236771017,0.8172588832463297
23,Comisaria Comunal 10,CHIVILCOY 453,FLORESTA,10,3,200-300 m,540,0.15682742452706455,3443.275317620288,6280.789236771017,0.548223350253748
23,Comisaria Comunal 10,CHIVILCOY 453,FLORESTA,10,4,300-400 m,1102,0.21955839433845675,5019.16587302615,6280.789236771017,0.7991298042037988
23,Comisaria Comunal 10,CHIVILCOY 453,FLORESTA,10,5,400-500 m,1375,0.282289364148873,4870.888437988957,6280.789236771017,0.7755217146074946
23,Comisaria Comunal 10,CHIVILCOY 453,FLORESTA,10,6,500-600 m,1730,0.3450203339603231,5014.197221775768,6280.789236771017,0.7983387171185496
50,Comisaria Vecinal 10-B,"PORCEL DE PERALTA, MANUEL 726",VERSALLES,10,1,0-100 m,87,0.03136548490540953,2773.7495614166423,2773.7495614166423,1.0
50,Comisaria Vecinal 10-B,"PORCEL DE PERALTA, MANUEL 726",VERSALLES,10,2,100-200 m,158,0.09409645471650507,1679.1280869829186,2773.7495614166423,0.6053639846725507
50,Comisaria Vecinal 10-B,"PORCEL DE PERALTA, MANUEL 726",VERSALLES,10,3,200-300 m,278,0.15682742452706455,1772.6491449971115,2773.7495614166423,0.6390804597700461
50,Comisaria Vecinal 10-B,"PORCEL DE PERALTA, MANUEL 726",VERSALLES,10,4,300-400 m,433,0.21955839433845675,1972.1404927589138,2773.7495614166423,0.711001642034214
50,Comisaria Vecinal 10-B,"PORCEL DE PERALTA, MANUEL 726",VERSALLES,10,5,400-500 m,516,0.282289364148873,1827.9115883653105,2773.7495614166423,0.6590038314171874
50,Comisaria Vecinal 10-B,"PORCEL DE PERALTA, MANUEL 726",VERSALLES,10,6,500-600 m,627,0.3450203339603231,1817.2841954065937,2773.7495614166423,0.6551724137915497
27,Comisaria Vecinal 11-B,"CUBAS, JOSE 4154",VILLA DEVOTO,11,1,0-100 m,90,0.03136548490540953,2869.396098017216,2869.396098017216,1.0
27,Comisaria Vecinal 11-B,"CUBAS, JOSE 4154",VILLA DEVOTO,11,2,100-200 m,159,0.09409645471650507,1689.7554799385068,2869.396098017216,0.5888888888871586
27,Comisaria Vecinal 11-B,"CUBAS, JOSE 4154",VILLA DEVOTO,11,3,200-300 m,304,0.15682742452706455,1938.436475104755,2869.396098017216,0.6755555555554827
27,Comisaria Vecinal 11-B,"CUBAS, JOSE 4154",VILLA DEVOTO,11,4,300-400 m,355,0.21955839433845675,1616.8819282434513,2869.396098017216,0.5634920634905493
27,Comisaria Vecinal 11-B,"CUBAS, JOSE 4154",VILLA DEVOTO,11,5,400-500 m,585,0.282289364148873,2072.341626344393,2869.396098017216,0.7222222222217433
27,Comisaria Vecinal 11-B,"CUBAS, JOSE 4154",VILLA DEVOTO,11,6,500-600 m,876,0.3450203339603231,2538.9807897546666,2869.396098017216,0.8848484848463863
24,Comisaria Vecinal 11-B (edificio anexo),NAZCA 4254,VILLA PUEYRREDON,12,1,0-100 m,73,0.03136548490540953,2327.399057280631,2327.399057280631,1.0
24,Comisaria Vecinal 11-B (edificio anexo),NAZCA 4254,VILLA PUEYRREDON,12,2,100-200 m,259,0.09409645471650507,2752.494775497316,2327.399057280631,1.182648401823009
24,Comisaria Vecinal 11-B (edificio anexo),NAZCA 4254,VILLA PUEYRREDON,12,3,200-300 m,269,0.15682742452706455,1715.2612230367733,2327.399057280631,0.7369863013697836
24,Comisaria Vecinal 11-B (edificio anexo),NAZCA 4254,VILLA PUEYRREDON,12,4,300-400 m,505,0.21955839433845675,2300.0714753885713,2327.399057280631,0.9882583170227843
24,Comisaria Vecinal 11-B (edificio anexo),NAZCA 4254,VILLA PUEYRREDON,12,5,400-500 m,650,0.282289364148873,2302.601807049325,2327.399057280631,0.9893455098927988
24,Comisaria Vecinal 11-B (edificio anexo),NAZCA 4254,VILLA PUEYRREDON,12,6,500-600 m,917,0.3450203339603231,2657.8143655308554,2327.399057280631,1.1419676214169678
25,Comisaria Vecinal 8-A,"LEGUIZAMON, MARTINIANO 4347",VILLA LUGANO,8,1,0-100 m,128,0.03136548490540953,4080.9188949578183,4080.9188949578183,1.0
25,Comisaria Vecinal 8-A,"LEGUIZAMON, MARTINIANO 4347",VILLA LUGANO,8,2,100-200 m,257,0.09409645471650507,2731.23998958614,4080.9188949578183,0.6692708333313668
25,Comisaria Vecinal 8-A,"LEGUIZAMON, MARTINIANO 4347",VILLA LUGANO,8,3,200-300 m,572,0.15682742452706455,3647.3212623681575,4080.9188949578183,0.8937499999999038
25,Comisaria Vecinal 8-A,"LEGUIZAMON, MARTINIANO 4347",VILLA LUGANO,8,4,300-400 m,708,0.21955839433845675,3224.6546625249675,4080.9188949578183,0.790178571426448
25,Comisaria Vecinal 8-A,"LEGUIZAMON, MARTINIANO 4347",VILLA LUGANO,8,5,400-500 m,877,0.282289364148873,3106.7412073573205,4080.9188949578183,0.7612847222217174
25,Comisaria Vecinal 8-A,"LEGUIZAMON, MARTINIANO 4347",VILLA LUGANO,8,6,500-600 m,781,0.3450203339603231,2263.6346995415465,4080.9188949578183,0.5546874999986845
26,Comisaria Vecinal 12-A,MACHAIN 3045,VILLA URQUIZA,12,1,0-100 m,151,0.03136548490540953,4814.209008895552,4814.209008895552,1.0
26,Comisaria Vecinal 12-A,MACHAIN 3045,VILLA URQUIZA,12,2,100-200 m,281,0.09409645471650507,2986.297420520254,4814.209008895552,0.6203090507708042
26,Comisaria Vecinal 12-A,MACHAIN 3045,VILLA URQUIZA,12,3,200-300 m,421,0.15682742452706455,2684.4794605891507,4814.209008895552,0.5576158940396749
26,Comisaria Vecinal 12-A,MACHAIN 3045,VILLA URQUIZA,12,4,300-400 m,490,0.21955839433845675,2231.7525206740593,4814.209008895552,0.4635761589391515
26,Comisaria Vecinal 12-A,MACHAIN 3045,VILLA URQUIZA,12,5,400-500 m,740,0.282289364148873,2621.4235957176934,4814.209008895552,0.5445180279613754
26,Comisaria Vecinal 12-A,MACHAIN 3045,VILLA URQUIZA,12,6,500-600 m,853,0.3450203339603231,2472.3180521241216,4814.209008895552,0.5135460565911961
5,Comisaria Comunal 3,LAVALLE 1958,BALVANERA,3,1,0-100 m,365,0.03136548490540953,11636.995286403155,11636.995286403155,1.0
5,Comisaria Comunal 3,LAVALLE 1958,BALVANERA,3,2,100-200 m,936,0.09409645471650507,9947.239806430454,11636.995286403155,0.8547945205454335
5,Comisaria Comunal 3,LAVALLE 1958,BALVANERA,3,3,200-300 m,1760,0.15682742452706455,11222.526961132791,11636.995286403155,0.9643835616437316
5,Comisaria Comunal 3,LAVALLE 1958,BALVANERA,3,4,300-400 m,2926,0.21955839433845675,13326.750766310812,11636.995286403155,1.1452054794489772
5,Comisaria Comunal 3,LAVALLE 1958,BALVANERA,3,5,400-500 m,2077,0.282289364148873,7357.698389602228,11636.995286403155,0.6322678843222594
5,Comisaria Comunal 3,LAVALLE 1958,BALVANERA,3,6,500-600 m,3081,0.3450203339603231,8929.908462596037,11636.995286403155,0.7673723536719036
51,Comisaria Vecinal 7-C,GAONA AV. 2738,FLORES,7,1,0-100 m,252,0.03136548490540953,8034.309074448205,8034.309074448205,1.0
51,Comisaria Vecinal 7-C,GAONA AV. 2738,FLORES,7,2,100-200 m,312,0.09409645471650507,3315.746602143485,8034.309074448205,0.41269841269720003
51,Comisaria Vecinal 7-C,GAONA AV. 2738,FLORES,7,3,200-300 m,867,0.15682742452706455,5528.369815512574,8034.309074448205,0.6880952380951639
51,Comisaria Vecinal 7-C,GAONA AV. 2738,FLORES,7,4,300-400 m,819,0.21955839433845675,3730.2149274123567,8034.309074448205,0.4642857142844666
51,Comisaria Vecinal 7-C,GAONA AV. 2738,FLORES,7,5,400-500 m,943,0.282289364148873,3340.54385238079,8034.309074448205,0.41578483245122333
51,Comisaria Vecinal 7-C,GAONA AV. 2738,FLORES,7,6,500-600 m,1295,0.3450203339603231,3753.401966589376,8034.309074448205,0.46717171717060924
52,Comisaria Comunal 13,ARTILLEROS 2081,BELGRANO,13,1,0-100 m,58,0.03136548490540953,1849.1663742777614,1849.1663742777614,1.0
52,Comisaria Comunal 13,ARTILLEROS 2081,BELGRANO,13,2,100-200 m,197,0.09409645471650507,2093.5964122508544,1849.1663742777614,1.1321839080426506
52,Comisaria Comunal 13,ARTILLEROS 2081,BELGRANO,13,3,200-300 m,302,0.15682742452706455,1925.6836035580131,1849.1663742777614,1.0413793103447155
52,Comisaria Comunal 13,ARTILLEROS 2081,BELGRANO,13,4,300-400 m,649,0.21955839433845675,2955.933440647887,1849.1663742777614,1.598522167483389
52,Comisaria Comunal 13,ARTILLEROS 2081,BELGRANO,13,5,400-500 m,971,0.282289364148873,3439.732853299838,1849.1663742777614,1.860153256703747
52,Comisaria Comunal 13,ARTILLEROS 2081,BELGRANO,13,6,500-600 m,1101,0.3450203339603231,3191.1162665752145,1849.1663742777614,1.7257053291495124
44,Comisaria Comunal 8,DIAZ ANA Y CAFAYATE,VILLA LUGANO,8,1,0-100 m,91,0.03136548490540953,2901.278276884074,2901.278276884074,1.0
44,Comisaria Comunal 8,DIAZ ANA Y CAFAYATE,VILLA LUGANO,8,2,100-200 m,445,0.09409645471650507,4729.189865236702,2901.278276884074,1.6300366300318407
44,Comisaria Comunal 8,DIAZ ANA Y CAFAYATE,VILLA LUGANO,8,3,200-300 m,922,0.15682742452706455,5879.073783047974,2901.278276884074,2.0263736263734082
44,Comisaria Comunal 8,DIAZ ANA Y CAFAYATE,VILLA LUGANO,8,4,300-400 m,798,0.21955839433845675,3634.5683908120395,2901.278276884074,1.252747252743886
44,Comisaria Comunal 8,DIAZ ANA Y CAFAYATE,VILLA LUGANO,8,5,400-500 m,1109,0.282289364148873,3928.5929292580026,2901.278276884074,1.354090354089456
44,Comisaria Comunal 8,DIAZ ANA Y CAFAYATE,VILLA LUGANO,8,6,500-600 m,1434,0.3450203339603231,4156.276772269625,2901.278276884074,1.432567432564035
53,Comisaria Comunal 14,REPUBLICA ARABE SIRIA 2961,PALERMO,14,1,0-100 m,304,0.03136548490540953,9692.182375524819,9692.182375524819,1.0
53,Comisaria Comunal 14,REPUBLICA ARABE SIRIA 2961,PALERMO,14,2,100-200 m,626,0.09409645471650507,6652.747990198146,9692.182375524819,0.686403508769913
53,Comisaria Comunal 14,REPUBLICA ARABE SIRIA 2961,PALERMO,14,3,200-300 m,642,0.15682742452706455,4093.6717665041206,9692.182375524819,0.4223684210525861
53,Comisaria Comunal 14,REPUBLICA ARABE SIRIA 2961,PALERMO,14,4,300-400 m,1237,0.21955839433845675,5634.036465456758,9692.182375524819,0.5812969924796408
53,Comisaria Comunal 14,REPUBLICA ARABE SIRIA 2961,PALERMO,14,5,400-500 m,936,0.282289364148873,3315.746602151028,9692.182375524819,0.3421052631576678
53,Comisaria Comunal 14,REPUBLICA ARABE SIRIA 2961,PALERMO,14,6,500-600 m,719,0.3450203339603231,2083.935145928773,9692.182375524819,0.21501196172197812
54,Comisaria Vecinal 10-C,BASUALDO 165,VILLA LURO,10,1,0-100 m,79,0.03136548490540953,2518.692130481779,2518.692130481779,1.0
54,Comisaria Vecinal 10-C,BASUALDO 165,VILLA LURO,10,2,100-200 m,330,0.09409645471650507,3507.0396753440705,2518.692130481779,1.3924050632870477
54,Comisaria Vecinal 10-C,BASUALDO 165,VILLA LURO,10,3,200-300 m,625,0.15682742452706455,3985.2723583568154,2518.692130481779,1.5822784810124877
54,Comisaria Vecinal 10-C,BASUALDO 165,VILLA LURO,10,4,300-400 m,736,0.21955839433845675,3352.1833779920566,2518.692130481779,1.3309222423110707
54,Comisaria Vecinal 10-C,BASUALDO 165,VILLA LURO,10,5,400-500 m,873,0.282289364148873,3092.5713500831707,2518.692130481779,1.2278481012650084
54,Comisaria Vecinal 10-C,BASUALDO 165,VILLA LURO,10,6,500-600 m,897,0.3450203339603231,2599.846767591251,2518.692130481779,1.0322209436109004
6,Comisaria Vecinal 3-A,LAVALLE 2625,BALVANERA,3,1,0-100 m,289,0.03136548490540953,9213.94969252195,9213.94969252195,1.0
6,Comisaria Vecinal 3-A,LAVALLE 2625,BALVANERA,3,2,100-200 m,1247,0.09409645471650507,13252.359015618353,9213.94969252195,1.4382929642402953
6,Comisaria Vecinal 3-A,LAVALLE 2625,BALVANERA,3,3,200-300 m,5004,0.15682742452706455,31907.684609948006,9213.94969252195,3.4629757785463395
6,Comisaria Vecinal 3-A,LAVALLE 2625,BALVANERA,3,4,300-400 m,2701,0.21955839433845675,12301.966445593132,9213.94969252195,1.3351458230315083
6,Comisaria Vecinal 3-A,LAVALLE 2625,BALVANERA,3,5,400-500 m,3870,0.282289364148873,13709.33691273983,9213.94969252195,1.4878892733554145
6,Comisaria Vecinal 3-A,LAVALLE 2625,BALVANERA,3,6,500-600 m,3379,0.3450203339603231,9793.62567189614,9213.94969252195,1.0629128656785107
35,Comisaria Vecinal 3-A (edificio anexo),"URQUIZA, Gral. 544",BALVANERA,3,1,0-100 m,795,0.03136548490540953,25346.332199152075,25346.332199152075,1.0
35,Comisaria Vecinal 3-A (edificio anexo),"URQUIZA, Gral. 544",BALVANERA,3,2,100-200 m,406,0.09409645471650507,4314.721539968766,25346.332199152075,0.17023060796595685
35,Comisaria Vecinal 3-A (edificio anexo),"URQUIZA, Gral. 544",BALVANERA,3,3,200-300 m,1161,0.15682742452706455,7403.04193288362,25346.332199152075,0.29207547169808173
35,Comisaria Vecinal 3-A (edificio anexo),"URQUIZA, Gral. 544",BALVANERA,3,4,300-400 m,1296,0.21955839433845675,5902.7576873338385,25346.332199152075,0.23288409703441457
35,Comisaria Vecinal 3-A (edificio anexo),"URQUIZA, Gral. 544",BALVANERA,3,5,400-500 m,2104,0.282289364148873,7453.344926202739,25346.332199152075,0.2940600978334877
35,Comisaria Vecinal 3-A (edificio anexo),"URQUIZA, Gral. 544",BALVANERA,3,6,500-600 m,2517,0.3450203339603231,7295.222200699196,25346.332199152075,0.28782161234923165
7,Comisaria Comunal 5,BILLINGHURST 471,ALMAGRO,5,1,0-100 m,426,0.03136548490540953,13581.808197281489,13581.808197281489,1.0
7,Comisaria Comunal 5,BILLINGHURST 471,ALMAGRO,5,2,100-200 m,1144,0.09409645471650507,12157.737541192779,13581.808197281489,0.895148669793927
7,Comisaria Comunal 5,BILLINGHURST 471,ALMAGRO,5,3,200-300 m,1853,0.15682742452706455,11815.535488056286,13581.808197281489,0.8699530516430989
7,Comisaria Comunal 5,BILLINGHURST 471,ALMAGRO,5,4,300-400 m,2595,0.21955839433845675,11819.17916561058,13581.808197281489,0.8702213279654682
7,Comisaria Comunal 5,BILLINGHURST 471,ALMAGRO,5,5,400-500 m,4111,0.282289364148873,14563.070813507347,13581.808197281489,1.0722483046419597
7,Comisaria Comunal 5,BILLINGHURST 471,ALMAGRO,5,6,500-600 m,4790,0.3450203339603231,13883.23970653522,13581.808197281489,1.0221937686702176
56,Comisaria Comunal 12,RAMALLO 4398,SAAVEDRA,12,1,0-100 m,121,0.03136548490540953,3857.7436428898127,3857.7436428898127,1.0
56,Comisaria Comunal 12,RAMALLO 4398,SAAVEDRA,12,2,100-200 m,221,0.09409645471650507,2348.6538431849685,3857.7436428898127,0.6088154269954563
56,Comisaria Comunal 12,RAMALLO 4398,SAAVEDRA,12,3,200-300 m,340,0.15682742452706455,2167.9881629461074,3857.7436428898127,0.5619834710743196
56,Comisaria Comunal 12,RAMALLO 4398,SAAVEDRA,12,4,300-400 m,592,0.21955839433845675,2696.321412732741,3857.7436428898127,0.6989374262082751
56,Comisaria Comunal 12,RAMALLO 4398,SAAVEDRA,12,5,400-500 m,656,0.282289364148873,2323.8565929605497,3857.7436428898127,0.602387511478021
56,Comisaria Comunal 12,RAMALLO 4398,SAAVEDRA,12,6,500-600 m,945,0.3450203339603231,2738.9690026463013,3857.7436428898127,0.7099924868503071
57,Comisaria Comunal 15,GUZMAN 396,CHACARITA,15,1,0-100 m,374,0.03136548490540953,11923.934896204875,11923.934896204875,1.0
57,Comisaria Comunal 15,GUZMAN 396,CHACARITA,15,2,100-200 m,239,0.09409645471650507,2539.9469163855542,11923.934896204875,0.2130124777177342
57,Comisaria Comunal 15,GUZMAN 396,CHACARITA,15,3,200-300 m,642,0.15682742452706455,4093.6717665041206,11923.934896204875,0.3433155080213534
57,Comisaria Comunal 15,GUZMAN 396,CHACARITA,15,4,300-400 m,826,0.21955839433845675,3762.0971062791286,11923.934896204875,0.31550802138952644
57,Comisaria Comunal 15,GUZMAN 396,CHACARITA,15,5,400-500 m,1403,0.282289364148873,4970.077438908005,11923.934896204875,0.41681521093258156
57,Comisaria Comunal 15,GUZMAN 396,CHACARITA,15,6,500-600 m,1116,0.3450203339603231,3234.591965029918,11923.934896204875,0.2712688381131146
55,Comisaria Comunal 4,ZAVALETA 425,PARQUE PATRICIOS,4,1,0-100 m,200,0.03136548490540953,6376.4357733715915,6376.4357733715915,1.0
55,Comisaria Comunal 4,ZAVALETA 425,PARQUE PATRICIOS,4,2,100-200 m,242,0.09409645471650507,2571.8290952523184,6376.4357733715915,0.4033333333321482
55,Comisaria Comunal 4,ZAVALETA 425,PARQUE PATRICIOS,4,3,200-300 m,580,0.15682742452706455,3698.3327485551245,6376.4357733715915,0.5799999999999375
55,Comisaria Comunal 4,ZAVALETA 425,PARQUE PATRICIOS,4,4,300-400 m,613,0.21955839433845675,2791.967949333058,6376.4357733715915,0.43785714285596616
55,Comisaria Comunal 4,ZAVALETA 425,PARQUE PATRICIOS,4,5,400-500 m,736,0.282289364148873,2607.2537384435436,6376.4357733715915,0.4088888888886177
55,Comisaria Comunal 4,ZAVALETA 425,PARQUE PATRICIOS,4,6,500-600 m,1190,0.3450203339603231,3449.0720774064534,6376.4357733715915,0.540909090907808
