id,nombre,anillo,distancia,radio_in,radio_out,cantidad_delitos,area_m2,area_km2,densidad_delitos_km2
1,Comisaria Vecinal 1-D,1,0-300 m,0,300,4478,282289.36414897913,0.28228936414897915,15863.155218404618
1,Comisaria Vecinal 1-D,2,300-600 m,300,600,9276,846868.092447653,0.8468680924476529,10953.29967290434
1,Comisaria Vecinal 1-D,3,600-900 m,600,900,11429,1411446.8207453075,1.4114468207453075,8097.364939307436
1,Comisaria Vecinal 1-D,4,900-1200 m,900,1200,12857,1976025.5490442794,1.9760255490442793,6506.494820483668
37,Comisaria Vecinal 5-B,1,0-300 m,0,300,1525,282289.36414897913,0.28228936414897915,5402.258085767539
37,Comisaria Vecinal 5-B,2,300-600 m,300,600,3939,846868.092447653,0.8468680924476529,4651.2556502339585
37,Comisaria Vecinal 5-B,3,600-900 m,600,900,5118,1411446.8207453075,1.4114468207453075,3626.0664764524854
37,Comisaria Vecinal 5-B,4,900-1200 m,900,1200,8150,1976025.5490442794,1.9760255490442793,4124.440599435475
39,Comisaria Vecinal 6-A,1,0-300 m,0,300,1977,282289.36414897913,0.28228936414897915,7003.451957745853
39,Comisaria Vecinal 6-A,2,300-600 m,300,600,3751,846868.092447653,0.8468680924476529,4429.261219605884
39,Comisaria Vecinal 6-A,3,600-900 m,600,900,5754,1411446.8207453075,1.4114468207453075,4076.667937770145
39,Comisaria Vecinal 6-A,4,900-1200 m,900,1200,8555,1976025.5490442794,1.9760255490442793,4329.397463579201
8,Comisaria Vecinal 7-B,1,0-300 m,0,300,1319,282289.36414897913,0.28228936414897915,4672.510436149105
8,Comisaria Vecinal 7-B,2,300-600 m,300,600,4650,846868.092447653,0.8468680924476529,5490.819693726303
8,Comisaria Vecinal 7-B,3,600-900 m,600,900,6097,1411446.8207453075,1.4114468207453075,4319.680990021649
8,Comisaria Vecinal 7-B,4,900-1200 m,900,1200,9150,1976025.5490442794,1.9760255490442793,4630.506930654551
38,Comisaria Comunal 6,1,0-300 m,0,300,578,282289.36414897913,0.28228936414897915,2047.5443761138608
38,Comisaria Comunal 6,2,300-600 m,300,600,2203,846868.092447653,0.8468680924476529,2601.3496312428056
38,Comisaria Comunal 6,3,600-900 m,600,900,6118,1411446.8207453075,1.4114468207453075,4334.559340159497
38,Comisaria Comunal 6,4,900-1200 m,900,1200,8655,1976025.5490442794,1.9760255490442793,4380.004096701108
10,Comisaria Comunal 1,1,0-300 m,0,300,2491,282289.36414897913,0.28228936414897915,8824.278617473405
10,Comisaria Comunal 1,2,300-600 m,300,600,5211,846868.092447653,0.8468680924476529,6153.2605212919925
10,Comisaria Comunal 1,3,600-900 m,600,900,9872,1411446.8207453075,1.4114468207453075,6994.241550515619
10,Comisaria Comunal 1,4,900-1200 m,900,1200,13679,1976025.5490442794,1.9760255490442793,6922.481344745749
43,Comisaria Vecinal 1-C (edificio anexo),1,0-300 m,0,300,2591,282289.36414897913,0.28228936414897915,9178.525049327012
43,Comisaria Vecinal 1-C (edificio anexo),2,300-600 m,300,600,8105,846868.092447653,0.8468680924476529,9570.557767236922
43,Comisaria Vecinal 1-C (edificio anexo),3,600-900 m,600,900,16897,1411446.8207453075,1.4114468207453075,11971.403918057376
43,Comisaria Vecinal 1-C (edificio anexo),4,900-1200 m,900,1200,14487,1976025.5490442794,1.9760255490442793,7331.382940370763
11,Comisaria Comunal 2,1,0-300 m,0,300,2005,282289.36414897913,0.28228936414897915,7102.640958664863
11,Comisaria Comunal 2,2,300-600 m,300,600,4859,846868.092447653,0.8468680924476529,5737.6113745841085
11,Comisaria Comunal 2,3,600-900 m,600,900,9339,1411446.8207453075,1.4114468207453075,6616.614854159781
11,Comisaria Comunal 2,4,900-1200 m,900,1200,12582,1976025.5490442794,1.9760255490442793,6367.326579398422
42,Comisaria Vecinal 1-C,1,0-300 m,0,300,3082,282289.36414897913,0.28228936414897915,10917.875029728233
42,Comisaria Vecinal 1-C,2,300-600 m,300,600,6171,846868.092447653,0.8468680924476529,7286.849103222584
42,Comisaria Vecinal 1-C,3,600-900 m,600,900,10506,1411446.8207453075,1.4114468207453075,7443.426026105864
42,Comisaria Vecinal 1-C,4,900-1200 m,900,1200,15436,1976025.5490442794,1.9760255490442793,7811.639888697667
29,Comisaria Vecinal 2-B,1,0-300 m,0,300,2227,282289.36414897913,0.28228936414897915,7889.068037379876
29,Comisaria Vecinal 2-B,2,300-600 m,300,600,8914,846868.092447653,0.8468680924476529,10525.842311801347
29,Comisaria Vecinal 2-B,3,600-900 m,600,900,11709,1411446.8207453075,1.4114468207453075,8295.7429411454
29,Comisaria Vecinal 2-B,4,900-1200 m,900,1200,15101,1976025.5490442794,1.9760255490442793,7642.107667739277
2,Comisaria Vecinal 1-B (edificio anexo),1,0-300 m,0,300,3016,282289.36414897913,0.28228936414897915,10684.072384704852
2,Comisaria Vecinal 1-B (edificio anexo),2,300-600 m,300,600,6942,846868.092447653,0.8468680924476529,8197.26243308559
2,Comisaria Vecinal 1-B (edificio anexo),3,600-900 m,600,900,10248,1411446.8207453075,1.4114468207453075,7260.634867269455
2,Comisaria Vecinal 1-B (edificio anexo),4,900-1200 m,900,1200,12215,1976025.5490442794,1.9760255490442793,6181.6002358410215
41,Comisaria Vecinal 3-B,1,0-300 m,0,300,1390,282289.36414897913,0.28228936414897915,4924.025402765167
41,Comisaria Vecinal 3-B,2,300-600 m,300,600,4571,846868.092447653,0.8468680924476529,5397.534800004932
41,Comisaria Vecinal 3-B,3,600-900 m,600,900,6555,1411446.8207453075,1.4114468207453075,4644.170721599461
41,Comisaria Vecinal 3-B,4,900-1200 m,900,1200,8537,1976025.5490442794,1.9760255490442793,4320.288269617257
34,Comisaria Vecinal 14-A,1,0-300 m,0,300,2427,282289.36414897913,0.28228936414897915,8597.560901087094
34,Comisaria Vecinal 14-A,2,300-600 m,300,600,7786,846868.092447653,0.8468680924476529,9193.875728032903
34,Comisaria Vecinal 14-A,3,600-900 m,600,900,8476,1411446.8207453075,1.4114468207453075,6005.18551278063
34,Comisaria Vecinal 14-A,4,900-1200 m,900,1200,12472,1976025.5490442794,1.9760255490442793,6311.659282964324
40,Comisaria Vecinal 1-E,1,0-300 m,0,300,342,282289.36414897913,0.28228936414897915,1211.5227969393434
40,Comisaria Vecinal 1-E,2,300-600 m,300,600,2434,846868.092447653,0.8468680924476529,2874.119383769854
40,Comisaria Vecinal 1-E,3,600-900 m,600,900,4529,1411446.8207453075,1.4114468207453075,3208.7641797290557
40,Comisaria Vecinal 1-E,4,900-1200 m,900,1200,8219,1976025.5490442794,1.9760255490442793,4159.359176289591
12,Comisaria Vecinal 4-C,1,0-300 m,0,300,1956,282289.36414897913,0.28228936414897915,6929.060207056595
12,Comisaria Vecinal 4-C,2,300-600 m,300,600,4211,846868.092447653,0.8468680924476529,4972.439081780959
12,Comisaria Vecinal 4-C,3,600-900 m,600,900,4085,1411446.8207453075,1.4114468207453075,2894.1933482431423
12,Comisaria Vecinal 4-C,4,900-1200 m,900,1200,4515,1976025.5490442794,1.9760255490442793,2284.889485454131
13,Comisaria Vecinal 4-D (edificio anexo),1,0-300 m,0,300,1561,282289.36414897913,0.28228936414897915,5529.786801234839
13,Comisaria Vecinal 4-D (edificio anexo),2,300-600 m,300,600,3244,846868.092447653,0.8468680924476529,3830.5847497737905
13,Comisaria Vecinal 4-D (edificio anexo),3,600-900 m,600,900,4850,1411446.8207453075,1.4114468207453075,3436.1903889790065
13,Comisaria Vecinal 4-D (edificio anexo),4,900-1200 m,900,1200,5469,1976025.5490442794,1.9760255490442793,2767.67676543713
45,Comisaria Vecinal 15-B,1,0-300 m,0,300,2409,282289.36414897913,0.28228936414897915,8533.796543353445
45,Comisaria Vecinal 15-B,2,300-600 m,300,600,4214,846868.092447653,0.8468680924476529,4975.981546099492
45,Comisaria Vecinal 15-B,3,600-900 m,600,900,6548,1411446.8207453075,1.4114468207453075,4639.211271553512
45,Comisaria Vecinal 15-B,4,900-1200 m,900,1200,8539,1976025.5490442794,1.9760255490442793,4321.300402279695
3,Comisaria Vecinal 1-A,1,0-300 m,0,300,2316,282289.36414897913,0.28228936414897915,8204.347361729588
3,Comisaria Vecinal 1-A,2,300-600 m,300,600,11467,846868.092447653,0.8468680924476529,13540.479446873014
3,Comisaria Vecinal 1-A,3,600-900 m,600,900,13200,1411446.8207453075,1.4114468207453075,9352.105800932553
3,Comisaria Vecinal 1-A,4,900-1200 m,900,1200,22225,1976025.5490442794,1.9760255490442793,11247.324211343977
15,Comisaria Vecinal 4-D,1,0-300 m,0,300,1149,282289.36414897913,0.28228936414897915,4070.291501997969
15,Comisaria Vecinal 4-D,2,300-600 m,300,600,2712,846868.092447653,0.8468680924476529,3202.387743953921
15,Comisaria Vecinal 4-D,3,600-900 m,600,900,3411,1411446.8207453075,1.4114468207453075,2416.6691581046166
15,Comisaria Vecinal 4-D,4,900-1200 m,900,1200,3965,1976025.5490442794,1.9760255490442793,2006.5530032836389
32,Comisaria Vecinal 14-B,1,0-300 m,0,300,1014,282289.36414897913,0.28228936414897915,3592.058818995597
32,Comisaria Vecinal 14-B,2,300-600 m,300,600,2900,846868.092447653,0.8468680924476529,3424.3821745819955
32,Comisaria Vecinal 14-B,3,600-900 m,600,900,5847,1411446.8207453075,1.4114468207453075,4142.557774094897
32,Comisaria Vecinal 14-B,4,900-1200 m,900,1200,6564,1976025.5490442794,1.9760255490442793,3321.819398122019
17,Comisaria Vecinal 13-C,1,0-300 m,0,300,3281,282289.36414897913,0.28228936414897915,11622.825429116916
17,Comisaria Vecinal 13-C,2,300-600 m,300,600,5628,846868.092447653,0.8468680924476529,6645.663061568093
17,Comisaria Vecinal 13-C,3,600-900 m,600,900,7303,1411446.8207453075,1.4114468207453075,5174.123383652306
17,Comisaria Vecinal 13-C,4,900-1200 m,900,1200,8582,1976025.5490442794,1.9760255490442793,4343.061254522116
47,Comisaria Vecinal 4-B,1,0-300 m,0,300,1039,282289.36414897913,0.28228936414897915,3680.620426958999
47,Comisaria Vecinal 4-B,2,300-600 m,300,600,2867,846868.092447653,0.8468680924476529,3385.4150670781314
47,Comisaria Vecinal 4-B,3,600-900 m,600,900,4435,1411446.8207453075,1.4114468207453075,3142.1658505405967
47,Comisaria Vecinal 4-B,4,900-1200 m,900,1200,6135,1976025.5490442794,1.9760255490442793,3104.716942029035
18,Comisaria Vecinal 13-B,1,0-300 m,0,300,1202,282289.36414897913,0.28228936414897915,4258.042110880382
18,Comisaria Vecinal 13-B,2,300-600 m,300,600,4153,846868.092447653,0.8468680924476529,4903.951438289319
18,Comisaria Vecinal 13-B,3,600-900 m,600,900,5195,1411446.8207453075,1.4114468207453075,3680.6204269579252
18,Comisaria Vecinal 13-B,4,900-1200 m,900,1200,7391,1976025.5490442794,1.9760255490442793,3740.3362540401954
19,Comisaria Vecinal 8-B,1,0-300 m,0,300,202,282289.36414897913,0.28228936414897915,715.5777923442905
19,Comisaria Vecinal 8-B,2,300-600 m,300,600,340,846868.092447653,0.8468680924476529,401.47928943375115
19,Comisaria Vecinal 8-B,3,600-900 m,600,900,1283,1411446.8207453075,1.4114468207453075,908.9963441360959
19,Comisaria Vecinal 8-B,4,900-1200 m,900,1200,1147,1976025.5490442794,1.9760255490442793,580.4580819082809
33,Comisaria Vecinal 12-C,1,0-300 m,0,300,649,282289.36414897913,0.28228936414897915,2299.059342729923
33,Comisaria Vecinal 12-C,2,300-600 m,300,600,2014,846868.092447653,0.8468680924476529,2378.17437917522
33,Comisaria Vecinal 12-C,3,600-900 m,600,900,3163,1411446.8207453075,1.4114468207453075,2240.962927905278
33,Comisaria Vecinal 12-C,4,900-1200 m,900,1200,5042,1976025.5490442794,1.9760255490442793,2551.5864420065845
48,Comisaria Comunal 7,1,0-300 m,0,300,1735,282289.36414897913,0.28228936414897915,6146.175592660119
48,Comisaria Comunal 7,2,300-600 m,300,600,5197,846868.092447653,0.8468680924476529,6136.729021138838
48,Comisaria Comunal 7,3,600-900 m,600,900,8200,1411446.8207453075,1.4114468207453075,5809.641482397496
48,Comisaria Comunal 7,4,900-1200 m,900,1200,8757,1976025.5490442794,1.9760255490442793,4431.622862485454
49,Comisaria Vecinal 12-B,1,0-300 m,0,300,797,282289.36414897913,0.28228936414897915,2823.3440618732648
49,Comisaria Vecinal 12-B,2,300-600 m,300,600,2230,846868.092447653,0.8468680924476529,2633.2318101096034
49,Comisaria Vecinal 12-B,3,600-900 m,600,900,4196,1411446.8207453075,1.4114468207453075,2972.836056114621
49,Comisaria Vecinal 12-B,4,900-1200 m,900,1200,4707,1976025.5490442794,1.9760255490442793,2382.0542210481935
4,Comisaria Vecinal 1-B,1,0-300 m,0,300,2282,282289.36414897913,0.28228936414897915,8083.903574899361
4,Comisaria Vecinal 1-B,2,300-600 m,300,600,6637,846868.092447653,0.8468680924476529,7837.111894034725
4,Comisaria Vecinal 1-B,3,600-900 m,600,900,11228,1411446.8207453075,1.4114468207453075,7954.957873702327
4,Comisaria Vecinal 1-B,4,900-1200 m,900,1200,14808,1976025.5490442794,1.9760255490442793,7493.830232692087
20,Comisaria Vecinal 9-B,1,0-300 m,0,300,847,282289.36414897913,0.28228936414897915,3000.4672778000695
20,Comisaria Vecinal 9-B,2,300-600 m,300,600,2352,846868.092447653,0.8468680924476529,2777.2920257299493
20,Comisaria Vecinal 9-B,3,600-900 m,600,900,3391,1411446.8207453075,1.4114468207453075,2402.4993008304764
20,Comisaria Vecinal 9-B,4,900-1200 m,900,1200,5787,1976025.5490442794,1.9760255490442793,2928.6058587647963
21,Comisaria Comunal 11,1,0-300 m,0,300,590,282289.36414897913,0.28228936414897915,2090.053947936294
21,Comisaria Comunal 11,2,300-600 m,300,600,2540,846868.092447653,0.8468680924476529,2999.2864563580233
21,Comisaria Comunal 11,3,600-900 m,600,900,4355,1411446.8207453075,1.4114468207453075,3085.486421444036
21,Comisaria Comunal 11,4,900-1200 m,900,1200,6286,1976025.5490442794,1.9760255490442793,3181.1329580431157
22,Comisaria Comunal 9,1,0-300 m,0,300,609,282289.36414897913,0.28228936414897915,2157.3607699884797
22,Comisaria Comunal 9,2,300-600 m,300,600,1578,846868.092447653,0.8468680924476529,1863.3362315484098
22,Comisaria Comunal 9,3,600-900 m,600,900,2073,1411446.8207453075,1.4114468207453075,1468.705706464635
22,Comisaria Comunal 9,4,900-1200 m,900,1200,5335,1976025.5490442794,1.9760255490442793,2699.8638770537736
23,Comisaria Comunal 10,1,0-300 m,0,300,1105,282289.36414897913,0.28228936414897915,3914.4230719823813
23,Comisaria Comunal 10,2,300-600 m,300,600,3664,846868.092447653,0.8468680924476529,4326.529754368425
23,Comisaria Comunal 10,3,600-900 m,600,900,5150,1411446.8207453075,1.4114468207453075,3648.73824809111
23,Comisaria Comunal 10,4,900-1200 m,900,1200,6853,1976025.5490442794,1.9760255490442793,3468.0725678443323
50,Comisaria Vecinal 10-B,1,0-300 m,0,300,457,282289.36414897913,0.28228936414897915,1618.9061935709938
50,Comisaria Vecinal 10-B,2,300-600 m,300,600,1354,846868.092447653,0.8468680924476529,1598.8322290979386
50,Comisaria Vecinal 10-B,3,600-900 m,600,900,3512,1411446.8207453075,1.4114468207453075,2488.226937339025
50,Comisaria Vecinal 10-B,4,900-1200 m,900,1200,2958,1976025.5490442794,1.9760255490442793,1496.9442077460287
27,Comisaria Vecinal 11-B,1,0-300 m,0,300,457,282289.36414897913,0.28228936414897915,1618.9061935709938
27,Comisaria Vecinal 11-B,2,300-600 m,300,600,1561,846868.092447653,0.8468680924476529,1843.2622670767223
27,Comisaria Vecinal 11-B,3,600-900 m,600,900,1898,1411446.8207453075,1.4114468207453075,1344.7194553159081
27,Comisaria Vecinal 11-B,4,900-1200 m,900,1200,2693,1976025.5490442794,1.9760255490442793,1362.8366299729735
24,Comisaria Vecinal 11-B (edificio anexo),1,0-300 m,0,300,533,282289.36414897913,0.28228936414897915,1888.1334817797367
24,Comisaria Vecinal 11-B (edificio anexo),2,300-600 m,300,600,1773,846868.092447653,0.8468680924476529,2093.5964122530613
24,Comisaria Vecinal 11-B (edificio anexo),3,600-900 m,600,900,2974,1411446.8207453075,1.4114468207453075,2107.0577766646525
24,Comisaria Vecinal 11-B (edificio anexo),4,900-1200 m,900,1200,3638,1976025.5490442794,1.9760255490442793,1841.0693129750007
25,Comisaria Vecinal 8-A,1,0-300 m,0,300,839,282289.36414897913,0.28228936414897915,2972.127563251781
25,Comisaria Vecinal 8-A,2,300-600 m,300,600,2163,846868.092447653,0.8468680924476529,2554.1167736623643
25,Comisaria Vecinal 8-A,3,600-900 m,600,900,3758,1411446.8207453075,1.4114468207453075,2662.5161818109495
25,Comisaria Vecinal 8-A,4,900-1200 m,900,1200,8496,1976025.5490442794,1.9760255490442793,4299.539550037275
26,Comisaria Vecinal 12-A,1,0-300 m,0,300,746,282289.36414897913,0.28228936414897915,2642.6783816279244
26,Comisaria Vecinal 12-A,2,300-600 m,300,600,1778,846868.092447653,0.8468680924476529,2099.5005194506166
26,Comisaria Vecinal 12-A,3,600-900 m,600,900,3068,1411446.8207453075,1.4114468207453075,2173.6561058531115
26,Comisaria Vecinal 12-A,4,900-1200 m,900,1200,4671,1976025.5490442794,1.9760255490442793,2363.835833124307
5,Comisaria Comunal 3,1,0-300 m,0,300,2763,282289.36414897913,0.28228936414897915,9787.828912115221
5,Comisaria Comunal 3,2,300-600 m,300,600,10049,846868.092447653,0.8468680924476529,11866.07464564637
5,Comisaria Comunal 3,3,600-900 m,600,900,14462,1411446.8207453075,1.4114468207453075,10246.223794930802
5,Comisaria Comunal 3,4,900-1200 m,900,1200,20768,1976025.5490442794,1.9760255490442793,10509.985566757783
51,Comisaria Vecinal 7-C,1,0-300 m,0,300,1252,282289.36414897913,0.28228936414897915,4435.165326807187
51,Comisaria Vecinal 7-C,2,300-600 m,300,600,2657,846868.092447653,0.8468680924476529,3137.4425647808143
51,Comisaria Vecinal 7-C,3,600-900 m,600,900,4222,1411446.8207453075,1.4114468207453075,2991.256870571003
51,Comisaria Vecinal 7-C,4,900-1200 m,900,1200,5406,1976025.5490442794,1.9760255490442793,2735.794586570328
52,Comisaria Comunal 13,1,0-300 m,0,300,484,282289.36414897913,0.28228936414897915,1714.5527301714683
52,Comisaria Comunal 13,2,300-600 m,300,600,2365,846868.092447653,0.8468680924476529,2792.6427044435927
52,Comisaria Comunal 13,3,600-900 m,600,900,3530,1411446.8207453075,1.4114468207453075,2500.979808885751
52,Comisaria Comunal 13,4,900-1200 m,900,1200,3892,1976025.5490442794,1.9760255490442793,1969.6101611046463
44,Comisaria Comunal 8,1,0-300 m,0,300,1283,282289.36414897913,0.28228936414897915,4544.981720681805
44,Comisaria Comunal 8,2,300-600 m,300,600,3214,846868.092447653,0.8468680924476529,3795.1601065884597
44,Comisaria Comunal 8,3,600-900 m,600,900,4993,1411446.8207453075,1.4114468207453075,3537.504868489109
44,Comisaria Comunal 8,4,900-1200 m,900,1200,7083,1976025.5490442794,1.9760255490442793,3584.46782402472
53,Comisaria Comunal 14,1,0-300 m,0,300,1376,282289.36414897913,0.28228936414897915,4874.430902305662
53,Comisaria Comunal 14,2,300-600 m,300,600,3981,846868.092447653,0.8468680924476529,4700.850150693422
53,Comisaria Comunal 14,3,600-900 m,600,900,8628,1411446.8207453075,1.4114468207453075,6112.876428064096
53,Comisaria Comunal 14,4,900-1200 m,900,1200,10243,1976025.5490442794,1.9760255490442793,5183.637430677002
54,Comisaria Vecinal 10-C,1,0-300 m,0,300,897,282289.36414897913,0.28228936414897915,3177.5904937268742
54,Comisaria Vecinal 10-C,2,300-600 m,300,600,2168,846868.092447653,0.8468680924476529,2560.020880859919
54,Comisaria Vecinal 10-C,3,600-900 m,600,900,3037,1411446.8207453075,1.4114468207453075,2151.692827078194
54,Comisaria Vecinal 10-C,4,900-1200 m,900,1200,4236,1976025.5490442794,1.9760255490442793,2143.6969790440085
6,Comisaria Vecinal 3-A,1,0-300 m,0,300,5779,282289.36414897913,0.28228936414897915,20471.901296820073
6,Comisaria Vecinal 3-A,2,300-600 m,300,600,9783,846868.092447653,0.8468680924476529,11551.976142736434
6,Comisaria Vecinal 3-A,3,600-900 m,600,900,18802,1411446.8207453075,1.4114468207453075,13321.082823419232
6,Comisaria Vecinal 3-A,4,900-1200 m,900,1200,20862,1976025.5490442794,1.9760255490442793,10557.555801892377
35,Comisaria Vecinal 3-A (edificio anexo),1,0-300 m,0,300,2093,282289.36414897913,0.28228936414897915,7414.37781869604
35,Comisaria Vecinal 3-A (edificio anexo),2,300-600 m,300,600,5094,846868.092447653,0.8468680924476529,6015.104412869201
35,Comisaria Vecinal 3-A (edificio anexo),3,600-900 m,600,900,8413,1411446.8207453075,1.4114468207453075,5960.550462367089
35,Comisaria Vecinal 3-A (edificio anexo),4,900-1200 m,900,1200,17149,1976025.5490442794,1.9760255490442793,8678.531514075945
7,Comisaria Comunal 5,1,0-300 m,0,300,3046,282289.36414897913,0.28228936414897915,10790.346314260934
7,Comisaria Comunal 5,2,300-600 m,300,600,9961,846868.092447653,0.8468680924476529,11762.162358969399
7,Comisaria Comunal 5,3,600-900 m,600,900,12635,1411446.8207453075,1.4114468207453075,8951.807332938091
7,Comisaria Comunal 5,4,900-1200 m,900,1200,21299,1976025.5490442794,1.9760255490442793,10778.706788635112
56,Comisaria Comunal 12,1,0-300 m,0,300,610,282289.36414897913,0.28228936414897915,2160.9032343070157
56,Comisaria Comunal 12,2,300-600 m,300,600,1896,846868.092447653,0.8468680924476529,2238.837449312918
56,Comisaria Comunal 12,3,600-900 m,600,900,2858,1411446.8207453075,1.4114468207453075,2024.8726044746393
56,Comisaria Comunal 12,4,900-1200 m,900,1200,2642,1976025.5490442794,1.9760255490442793,1337.0272470808004
57,Comisaria Comunal 15,1,0-300 m,0,300,1112,282289.36414897913,0.28228936414897915,3939.220322212134
57,Comisaria Comunal 15,2,300-600 m,300,600,2798,846868.092447653,0.8468680924476529,3303.93838775187
57,Comisaria Comunal 15,3,600-900 m,600,900,4740,1411446.8207453075,1.4114468207453075,3358.256173971235
57,Comisaria Comunal 15,4,900-1200 m,900,1200,6231,1976025.5490442794,1.9760255490442793,3153.2993098260663
55,Comisaria Comunal 4,1,0-300 m,0,300,932,282289.36414897913,0.28228936414897915,3301.5767448756374
55,Comisaria Comunal 4,2,300-600 m,300,600,2224,846868.092447653,0.8468680924476529,2626.146881472537
55,Comisaria Comunal 4,3,600-900 m,600,900,4144,1411446.8207453075,1.4114468207453075,2935.994427201856
55,Comisaria Comunal 4,4,900-1200 m,900,1200,5564,1976025.5490442794,1.9760255490442793,2815.7530669029425
